date,campaign_id,campaign_name,channel,impressions,clicks,spend,conversions,revenue
2024-12-05,3106,Campaign_3106,Google Ads,368954,2946,4885.33,387,57613.71
2024-02-15,4181,Campaign_4181,LinkedIn,81644,5111,3998.87,333,49574.59
2024-10-27,1358,Campaign_1358,YouTube,451565,8353,3357.62,422,62824.25
2024-06-19,6117,Campaign_6117,LinkedIn,200823,7062,3177.22,386,57464.84
2024-07-26,4625,Campaign_4625,Meta Ads,29223,1892,1054.78,416,61931.02
2024-10-28,7749,Campaign_7749,Google Ads,243917,1855,2562.57,315,46894.88
2024-10-18,1575,Campaign_1575,YouTube,13514,4082,3060.81,44,6550.4
2024-02-03,3133,Campaign_3133,Meta Ads,360610,2906,4475.38,444,66099.45
2024-09-03,1926,Campaign_1926,Twitter,160511,6287,2706.12,260,38706.89
2024-03-08,8828,Campaign_8828,Google Ads,214040,4593,334.05,40,5954.91
2024-08-29,9133,Campaign_9133,Meta Ads,62980,8731,1130.85,238,35431.69
2024-01-27,5523,Campaign_5523,Google Ads,19803,8677,2206.67,93,13845.16
2024-06-03,7079,Campaign_7079,YouTube,355208,6683,1587.93,146,21735.41
2024-10-07,6796,Campaign_6796,Meta Ads,210408,3407,2410.29,357,53147.53
2024-03-25,2941,Campaign_2941,YouTube,353593,9095,2735.41,17,2530.83
2024-07-12,4669,Campaign_4669,LinkedIn,87773,4338,4283.19,439,65355.09
2024-04-01,3345,Campaign_3345,Google Ads,42853,1172,1550.97,490,72947.59
2024-06-02,7694,Campaign_7694,Google Ads,220024,517,1093.05,204,30370.02
2024-04-01,7593,Campaign_7593,YouTube,289890,6008,1831.93,440,65503.96
2024-08-17,8213,Campaign_8213,YouTube,239281,1721,1505.98,51,7592.5
2024-07-08,4518,Campaign_4518,YouTube,218690,1907,3086.49,164,24415.11
2024-01-26,7259,Campaign_7259,Google Ads,338781,2574,3391.25,296,44066.3
2024-04-25,9416,Campaign_9416,Google Ads,485435,6569,3644.59,339,50467.82
2024-11-22,5135,Campaign_5135,Google Ads,240566,4782,4883.29,350,52105.42
2024-07-04,5764,Campaign_5764,Meta Ads,41380,9436,1925.72,109,16227.12
2024-10-04,6080,Campaign_6080,YouTube,184843,9804,4992.09,228,33942.96
2024-09-16,8337,Campaign_8337,Meta Ads,324317,9397,187.55,307,45703.9
2024-03-19,1991,Campaign_1991,Google Ads,294286,5366,2646.15,487,72500.97
2024-11-30,4724,Campaign_4724,YouTube,50632,5694,3600.79,108,16078.24
2024-05-22,6767,Campaign_6767,YouTube,265863,1999,1936.01,499,74287.45
2024-11-27,5310,Campaign_5310,LinkedIn,32546,2894,4091.68,95,14142.9
2024-04-14,6196,Campaign_6196,Meta Ads,400160,9453,4880.95,362,53891.89
2024-10-18,2992,Campaign_2992,Google Ads,1021,7194,4990.46,32,4763.92
2024-12-02,6646,Campaign_6646,LinkedIn,428631,6166,4669.47,441,65652.83
2024-04-15,3969,Campaign_3969,Twitter,289229,8331,1666.68,291,43321.94
2024-01-18,4639,Campaign_4639,Twitter,144188,3695,4461.29,32,4763.92
2024-11-29,4633,Campaign_4633,Google Ads,494708,1834,4732.54,229,34091.83
2024-08-20,4955,Campaign_4955,YouTube,271247,9043,404.98,215,32007.62
2024-01-13,9188,Campaign_9188,Twitter,34623,7453,3481.39,139,20693.3
2024-09-27,1397,Campaign_1397,Google Ads,246622,414,4159.52,398,59251.31
2024-04-30,4547,Campaign_4547,Twitter,224351,6934,1861.62,72,10718.83
2024-04-22,4068,Campaign_4068,LinkedIn,317347,3018,2421.31,192,28583.55
2024-08-26,6499,Campaign_6499,Meta Ads,433384,3370,742.21,81,12058.68
2024-05-14,3873,Campaign_3873,Google Ads,91452,4299,446.78,451,67141.56
2024-11-13,2374,Campaign_2374,LinkedIn,217174,8015,4511.6,361,53743.02
2024-08-25,3272,Campaign_3272,Twitter,403677,4581,3588.55,117,17418.1
2024-10-22,2719,Campaign_2719,Meta Ads,102564,8620,2524.04,124,18460.21
2024-10-05,6545,Campaign_6545,YouTube,328021,471,4622.82,338,50318.95
2024-01-21,9739,Campaign_9739,Google Ads,155391,4028,1747.04,204,30370.02
2024-08-23,1320,Campaign_1320,Meta Ads,60827,9745,2226.68,455,67737.05
2024-11-23,9922,Campaign_9922,Google Ads,211382,3782,4876.67,442,65801.71
2024-11-24,3125,Campaign_3125,YouTube,73636,7906,3786.63,87,12951.92
2024-02-17,8438,Campaign_8438,Meta Ads,349727,4662,4821.19,126,18757.95
2024-09-02,6125,Campaign_6125,Twitter,282713,8847,4151.98,422,62824.25
2024-04-15,3139,Campaign_3139,Twitter,278582,8997,3740.23,224,33347.47
2024-04-02,1088,Campaign_1088,Google Ads,203855,612,2031.28,279,41535.47
2024-07-14,2323,Campaign_2323,Meta Ads,316778,9367,2541.63,476,70863.38
2024-05-14,7615,Campaign_7615,LinkedIn,474218,6685,3371.03,205,30518.89
2024-12-13,7677,Campaign_7677,YouTube,323193,7985,1379.88,199,29625.65
2024-07-15,2085,Campaign_2085,Meta Ads,58764,3904,1121.22,100,14887.26
2024-05-23,1663,Campaign_1663,Meta Ads,119025,1038,2266.86,398,59251.31
2024-02-03,1939,Campaign_1939,LinkedIn,14300,5125,2792.55,233,34687.32
2024-01-15,2430,Campaign_2430,Google Ads,143143,5818,3359.7,329,48979.1
2024-05-10,8854,Campaign_8854,YouTube,277157,1028,4765.59,351,52254.3
2024-12-14,8709,Campaign_8709,Twitter,260104,7875,3586.81,391,58209.2
2024-06-07,1380,Campaign_1380,Twitter,174760,9749,171.76,315,46894.88
2024-12-29,2919,Campaign_2919,Twitter,279406,707,2082.09,135,20097.81
2024-10-04,5771,Campaign_5771,Google Ads,460993,8016,4278.66,259,38558.01
2024-03-25,4647,Campaign_4647,YouTube,91757,951,939.13,69,10272.21
2024-12-04,8758,Campaign_8758,Google Ads,401934,113,1996.2,9,1339.85
2024-11-20,9338,Campaign_9338,Twitter,274316,4638,1048.73,381,56720.47
2024-08-24,5243,Campaign_5243,LinkedIn,229869,3562,3585.23,30,4466.18
2024-03-16,8250,Campaign_8250,Google Ads,106485,1125,28.92,433,64461.85
2024-10-01,4426,Campaign_4426,Meta Ads,269940,8198,794.49,187,27839.18
2024-02-27,5776,Campaign_5776,YouTube,362806,8857,1293.74,491,73096.46
2024-05-05,4225,Campaign_4225,Twitter,109064,3809,3058.04,102,15185.01
2024-03-19,9202,Campaign_9202,Google Ads,153267,5657,3831.0,278,41386.59
2024-03-15,9730,Campaign_9730,LinkedIn,168951,9498,3780.01,427,63568.62
2024-09-16,4372,Campaign_4372,YouTube,430324,6451,656.78,336,50021.21
2024-09-12,9636,Campaign_9636,LinkedIn,201904,5522,1841.8,259,38558.01
2024-03-12,3948,Campaign_3948,Google Ads,105070,6357,1135.17,15,2233.09
2024-11-02,2795,Campaign_2795,Meta Ads,472230,4637,2093.38,161,23968.49
2024-03-10,1130,Campaign_1130,Twitter,308245,6047,784.83,428,63717.49
2024-06-17,8281,Campaign_8281,LinkedIn,54386,7352,2398.29,306,45555.03
2024-05-12,3714,Campaign_3714,Meta Ads,364132,4617,196.98,324,48234.73
2024-03-25,9297,Campaign_9297,Meta Ads,356401,2769,3730.53,321,47788.12
2024-04-25,2998,Campaign_2998,LinkedIn,426037,5185,2886.82,94,13994.03
2024-09-29,1329,Campaign_1329,Twitter,312447,6245,2812.33,334,49723.46
2024-02-13,1118,Campaign_1118,LinkedIn,134131,4734,575.46,321,47788.12
2024-09-06,7287,Campaign_7287,YouTube,23130,3538,1831.43,398,59251.31
2024-09-18,3157,Campaign_3157,Meta Ads,482565,6802,2361.31,195,29030.16
2024-09-15,9927,Campaign_9927,YouTube,493064,4121,933.13,354,52700.91
2024-11-19,1731,Campaign_1731,Twitter,238951,6162,4407.48,274,40791.1
2024-04-24,9490,Campaign_9490,LinkedIn,41544,2851,2515.67,282,41982.08
2024-09-07,8063,Campaign_8063,Google Ads,338669,3374,984.36,16,2381.96
2024-07-23,1634,Campaign_1634,YouTube,488191,2949,363.82,476,70863.38
2024-06-10,7753,Campaign_7753,Twitter,330003,4233,2418.36,249,37069.29
2024-10-17,6220,Campaign_6220,Twitter,117522,1806,3845.61,357,53147.53
2024-07-14,9463,Campaign_9463,Meta Ads,177850,4424,3915.28,213,31709.87
2024-03-24,4297,Campaign_4297,YouTube,175758,9110,2813.03,457,68034.8
2024-05-20,7788,Campaign_7788,Meta Ads,196167,5753,1175.68,64,9527.85
2024-08-25,1282,Campaign_1282,Google Ads,133065,2940,4155.24,246,36622.67
2024-07-31,7297,Campaign_7297,YouTube,241962,8344,934.74,385,57315.97
2024-03-20,4849,Campaign_4849,Google Ads,371683,5608,1966.26,47,6997.01
2024-03-30,4212,Campaign_4212,Meta Ads,329372,7714,304.87,67,9974.47
2024-04-27,4207,Campaign_4207,Google Ads,84484,9759,4025.98,169,25159.48
2024-09-22,2282,Campaign_2282,YouTube,198230,124,1842.38,403,59995.67
2024-06-01,4957,Campaign_4957,YouTube,110315,3744,2102.54,358,53296.4
2024-06-01,5625,Campaign_5625,Google Ads,317951,4372,2010.34,242,36027.18
2024-09-27,2410,Campaign_2410,Twitter,7739,8702,2153.5,321,47788.12
2024-04-17,6405,Campaign_6405,Twitter,67426,7255,1609.1,342,50914.44
2024-07-27,6712,Campaign_6712,YouTube,403023,8424,233.27,341,50765.57
2024-03-16,2449,Campaign_2449,Meta Ads,178506,681,3594.94,19,2828.58
2024-04-29,9914,Campaign_9914,Twitter,262858,7459,446.81,5,744.36
2024-01-23,8338,Campaign_8338,LinkedIn,222030,534,3175.13,303,45108.41
2024-02-16,3342,Campaign_3342,LinkedIn,287438,3417,3283.93,143,21288.79
2024-10-05,6265,Campaign_6265,YouTube,498459,2616,1419.24,96,14291.77
2024-07-21,2919,Campaign_2919,Meta Ads,34013,8517,598.96,304,45257.28
2024-10-08,9573,Campaign_9573,YouTube,444866,8632,1646.58,183,27243.69
2024-10-25,1318,Campaign_1318,LinkedIn,237260,1721,3139.71,366,54487.39
2024-09-13,7283,Campaign_7283,Twitter,32290,3703,2901.21,410,61037.78
2024-08-26,5624,Campaign_5624,Twitter,405725,3271,4187.03,388,57762.58
2024-05-28,6832,Campaign_6832,Twitter,362936,9707,1408.9,387,57613.71
2024-03-30,7591,Campaign_7591,YouTube,360992,6054,3867.68,409,60888.91
2024-07-25,1544,Campaign_1544,YouTube,16309,7478,310.23,417,62079.89
2024-07-01,2498,Campaign_2498,Twitter,381711,5695,2129.03,164,24415.11
2024-12-28,2996,Campaign_2996,LinkedIn,224840,8798,3323.66,60,8932.36
2024-01-05,8091,Campaign_8091,Google Ads,295359,702,1089.49,343,51063.31
2024-06-07,5262,Campaign_5262,LinkedIn,452365,9173,3195.2,468,69672.39
2024-03-07,7978,Campaign_7978,YouTube,313609,7935,4519.76,30,4466.18
2024-01-05,7252,Campaign_7252,Google Ads,286966,9199,89.79,441,65652.83
2024-05-28,4175,Campaign_4175,Twitter,187312,6910,2428.21,299,44512.92
2024-12-01,1477,Campaign_1477,Meta Ads,417986,6489,2668.36,490,72947.59
2024-03-18,8023,Campaign_8023,Meta Ads,140585,1048,2292.57,159,23670.75
2024-10-23,6138,Campaign_6138,Google Ads,253627,159,706.94,444,66099.45
2024-01-06,7353,Campaign_7353,YouTube,294567,9961,3981.82,175,26052.71
2024-02-02,1605,Campaign_1605,Twitter,303512,4577,1464.32,56,8336.87
2024-10-17,3361,Campaign_3361,Twitter,413846,9088,303.19,82,12207.56
2024-12-17,7210,Campaign_7210,YouTube,260402,3781,4152.37,52,7741.38
2024-06-12,9636,Campaign_9636,LinkedIn,45842,4470,4961.98,368,54785.13
2024-05-05,8226,Campaign_8226,Meta Ads,194089,6665,4614.8,410,61037.78
2024-02-02,5057,Campaign_5057,Meta Ads,332432,9064,2865.4,449,66843.81
2024-08-23,4209,Campaign_4209,Meta Ads,494932,2787,1006.68,411,61186.65
2024-06-18,1126,Campaign_1126,Meta Ads,440587,9028,614.83,22,3275.2
2024-10-28,6192,Campaign_6192,LinkedIn,474618,8851,3331.09,33,4912.8
2024-10-03,4363,Campaign_4363,LinkedIn,370490,5224,2325.91,479,71309.99
2024-07-03,6360,Campaign_6360,YouTube,48103,868,2985.29,22,3275.2
2024-08-02,7549,Campaign_7549,LinkedIn,444644,2757,1920.19,123,18311.33
2024-02-08,1923,Campaign_1923,Twitter,223837,8549,4525.74,467,69523.52
2024-11-19,1178,Campaign_1178,LinkedIn,245301,3175,2693.72,379,56422.73
2024-06-28,3761,Campaign_3761,YouTube,430022,9997,589.49,365,54338.51
2024-09-12,1140,Campaign_1140,Google Ads,137698,3946,3246.02,410,61037.78
2024-12-25,8459,Campaign_8459,Meta Ads,115835,2653,2182.52,415,61782.14
2024-05-31,3378,Campaign_3378,LinkedIn,331203,7605,354.89,324,48234.73
2024-06-07,4390,Campaign_4390,YouTube,233972,529,774.91,148,22033.15
2024-02-29,4107,Campaign_4107,Twitter,436761,8017,3594.87,161,23968.49
2024-09-26,2432,Campaign_2432,LinkedIn,257668,1475,1353.08,45,6699.27
2024-07-31,2449,Campaign_2449,Meta Ads,91057,4437,97.48,458,68183.67
2024-04-08,4965,Campaign_4965,Twitter,160774,7644,702.34,35,5210.54
2024-01-17,5946,Campaign_5946,YouTube,196300,1859,2831.28,60,8932.36
2024-06-13,2369,Campaign_2369,Meta Ads,132508,9532,2896.61,93,13845.16
2024-10-13,5168,Campaign_5168,Google Ads,82230,5697,3387.71,264,39302.38
2024-08-13,8742,Campaign_8742,Meta Ads,300055,2487,4984.38,189,28136.93
2024-12-18,4971,Campaign_4971,Twitter,83489,8888,3414.66,108,16078.24
2024-04-30,5188,Campaign_5188,Google Ads,56654,2337,621.8,464,69076.9
2024-06-19,2636,Campaign_2636,Google Ads,141107,1618,1338.95,133,19800.06
2024-02-18,7127,Campaign_7127,YouTube,463459,5809,2141.78,167,24861.73
2024-03-21,3391,Campaign_3391,Twitter,475868,5204,662.77,4,595.49
2024-02-14,4152,Campaign_4152,LinkedIn,391748,407,270.88,235,34985.07
2024-03-26,8834,Campaign_8834,Meta Ads,183186,8429,1411.0,235,34985.07
2024-05-02,4690,Campaign_4690,Twitter,60830,1442,1113.34,134,19948.93
2024-04-09,1291,Campaign_1291,Google Ads,432946,5150,2085.74,50,7443.63
2024-06-01,9254,Campaign_9254,YouTube,178596,8545,4578.46,309,46001.64
2024-02-10,3608,Campaign_3608,Twitter,480039,4406,891.59,186,27690.31
2024-09-03,9440,Campaign_9440,LinkedIn,141999,6844,4738.19,72,10718.83
2024-10-12,5714,Campaign_5714,Google Ads,94052,1823,207.3,484,72054.36
2024-03-26,7519,Campaign_7519,Google Ads,396908,1548,4114.05,142,21139.91
2024-01-10,3022,Campaign_3022,YouTube,380423,5771,1027.74,476,70863.38
2024-07-05,2847,Campaign_2847,Twitter,13877,4613,159.28,173,25754.97
2024-05-09,7911,Campaign_7911,Google Ads,25240,7537,3055.58,492,73245.34
2024-07-12,3140,Campaign_3140,LinkedIn,393538,2516,3466.46,342,50914.44
2024-09-21,6272,Campaign_6272,LinkedIn,135285,5167,1899.88,1,148.87
2024-08-04,4671,Campaign_4671,YouTube,177009,1779,996.94,323,48085.86
2024-01-30,3425,Campaign_3425,Twitter,24099,8751,4348.48,489,72798.72
2024-07-19,4747,Campaign_4747,LinkedIn,385408,992,3147.94,12,1786.47
2024-10-31,6825,Campaign_6825,Twitter,236734,6426,4336.6,59,8783.49
2024-09-17,5257,Campaign_5257,LinkedIn,36453,7539,2742.92,259,38558.01
2024-02-26,2401,Campaign_2401,LinkedIn,310612,5604,2109.77,321,47788.12
2024-02-27,5985,Campaign_5985,Meta Ads,438251,296,4081.33,409,60888.91
2024-01-23,9158,Campaign_9158,Twitter,372626,809,1327.26,335,49872.33
2024-10-28,4748,Campaign_4748,Google Ads,402162,9638,3552.21,300,44661.79
2024-11-19,7420,Campaign_7420,Google Ads,248109,8415,3162.24,39,5806.03
2024-06-30,7796,Campaign_7796,Google Ads,210680,4789,1428.21,206,30667.76
2024-06-18,6211,Campaign_6211,Google Ads,222125,4062,3397.8,357,53147.53
2024-11-06,4868,Campaign_4868,Google Ads,353852,3556,2972.9,475,70714.5
2024-02-29,4153,Campaign_4153,Meta Ads,268411,131,2754.24,153,22777.51
2024-09-01,1569,Campaign_1569,LinkedIn,49173,2751,888.28,128,19055.7
2024-02-05,7265,Campaign_7265,YouTube,91555,8795,3618.38,273,40642.23
2024-06-03,7047,Campaign_7047,Meta Ads,68178,7940,3461.38,18,2679.71
2024-03-01,7139,Campaign_7139,LinkedIn,110195,7079,3000.95,481,71607.74
2024-02-20,3137,Campaign_3137,Google Ads,183802,6236,3535.67,316,47043.75
2024-09-09,9549,Campaign_9549,LinkedIn,495679,9944,128.4,365,54338.51
2024-03-28,1784,Campaign_1784,YouTube,143539,3106,493.46,254,37813.65
2024-07-09,6561,Campaign_6561,YouTube,341863,8440,730.56,464,69076.9
2024-11-30,5346,Campaign_5346,LinkedIn,75003,7747,692.76,39,5806.03
2024-07-01,8437,Campaign_8437,Meta Ads,245368,9720,2016.15,116,17269.23
2024-12-06,5043,Campaign_5043,Google Ads,21875,9028,4780.69,93,13845.16
2024-05-13,3004,Campaign_3004,Google Ads,269676,5186,4507.87,223,33198.6
2024-05-04,9257,Campaign_9257,Google Ads,450506,3198,903.74,379,56422.73
2024-12-15,8382,Campaign_8382,YouTube,119552,1388,1396.77,396,58953.56
2024-01-22,7238,Campaign_7238,YouTube,297619,7532,699.86,129,19204.57
2024-08-31,4822,Campaign_4822,Meta Ads,331912,7985,3766.18,406,60442.29
2024-03-11,3162,Campaign_3162,Google Ads,412430,1738,4627.19,261,38855.76
2024-06-15,9682,Campaign_9682,Google Ads,346602,8225,4042.21,223,33198.6
2024-11-20,5856,Campaign_5856,Google Ads,175007,3171,3643.0,472,70267.88
2024-07-08,8224,Campaign_8224,YouTube,249363,4663,4481.64,484,72054.36
2024-01-18,2037,Campaign_2037,YouTube,396994,6849,1131.15,365,54338.51
2024-05-07,5111,Campaign_5111,Google Ads,42637,6942,946.42,293,43619.68
2024-02-11,1847,Campaign_1847,LinkedIn,276022,1321,2683.4,258,38409.14
2024-03-12,3384,Campaign_3384,Twitter,453228,1078,4807.87,436,64908.47
2024-10-29,5320,Campaign_5320,LinkedIn,375650,285,80.88,223,33198.6
2024-04-16,5386,Campaign_5386,LinkedIn,308945,7856,1502.47,20,2977.45
2024-11-07,9216,Campaign_9216,Google Ads,241113,7775,3870.82,360,53594.15
2024-12-12,9610,Campaign_9610,Meta Ads,177575,423,404.37,168,25010.6
2024-09-01,2398,Campaign_2398,Google Ads,495253,8829,1412.19,167,24861.73
2024-07-14,8763,Campaign_8763,Meta Ads,93004,1325,49.04,306,45555.03
2024-11-04,5542,Campaign_5542,Twitter,312459,4291,1131.44,304,45257.28
2024-03-11,8037,Campaign_8037,Twitter,298257,4270,1440.51,78,11612.07
2024-05-16,2845,Campaign_2845,Meta Ads,304918,2069,2860.23,49,7294.76
2024-06-06,4820,Campaign_4820,YouTube,100038,5600,755.04,332,49425.72
2024-11-02,8998,Campaign_8998,YouTube,119489,9420,649.58,297,44215.17
2024-03-21,4740,Campaign_4740,Twitter,230836,771,1926.2,387,57613.71
2024-03-07,8094,Campaign_8094,Google Ads,445498,2123,90.29,415,61782.14
2024-04-23,6398,Campaign_6398,Google Ads,356758,9925,3918.79,215,32007.62
2024-06-23,5698,Campaign_5698,LinkedIn,16176,87,4626.05,232,34538.45
2024-12-21,9541,Campaign_9541,YouTube,380125,4553,3012.3,317,47192.63
2024-03-12,1645,Campaign_1645,YouTube,333217,7845,994.89,372,55380.62
2024-01-17,5899,Campaign_5899,Google Ads,209038,9538,4659.81,427,63568.62
2024-02-07,5408,Campaign_5408,LinkedIn,322599,1264,1833.21,141,20991.04
2024-05-01,7991,Campaign_7991,LinkedIn,453741,1526,3669.1,310,46150.52
2024-06-06,1811,Campaign_1811,Google Ads,96571,6522,3136.27,371,55231.75
2024-08-24,6679,Campaign_6679,Twitter,9521,4356,4498.14,330,49127.97
2024-02-11,6281,Campaign_6281,YouTube,67056,196,2795.3,276,41088.85
2024-09-05,5258,Campaign_5258,Google Ads,480563,1877,552.79,134,19948.93
2024-04-23,7538,Campaign_7538,LinkedIn,48311,3995,455.08,14,2084.22
2024-03-12,7514,Campaign_7514,Meta Ads,130167,6630,4051.71,254,37813.65
2024-08-19,4664,Campaign_4664,Twitter,111569,2914,839.19,372,55380.62
2024-10-18,9560,Campaign_9560,Google Ads,21214,6671,1773.01,230,34240.71
2024-02-23,8085,Campaign_8085,LinkedIn,325974,2603,667.95,12,1786.47
2024-10-24,2174,Campaign_2174,YouTube,389506,4365,4271.65,57,8485.74
2024-07-01,4101,Campaign_4101,Google Ads,100205,5826,4527.09,405,60293.42
2024-03-26,8944,Campaign_8944,Meta Ads,490651,6480,2070.97,258,38409.14
2024-01-07,9473,Campaign_9473,Twitter,389707,8782,34.73,279,41535.47
2024-11-14,3514,Campaign_3514,YouTube,353235,7384,379.95,47,6997.01
2024-06-20,9727,Campaign_9727,YouTube,266783,1348,753.43,137,20395.55
2024-09-22,8911,Campaign_8911,LinkedIn,397314,2826,2853.93,476,70863.38
2024-12-25,2430,Campaign_2430,Twitter,415570,6439,4472.4,110,16375.99
2024-07-10,6192,Campaign_6192,YouTube,93166,4563,2603.12,407,60591.16
2024-11-27,8576,Campaign_8576,Twitter,364356,544,984.32,364,54189.64
2024-01-07,3893,Campaign_3893,YouTube,188014,9867,4385.0,376,55976.11
2024-05-29,7183,Campaign_7183,Google Ads,171618,1208,4691.46,419,62377.63
2024-12-06,4449,Campaign_4449,YouTube,84528,2348,2272.71,451,67141.56
2024-09-24,2450,Campaign_2450,YouTube,331304,6741,2785.6,469,69821.27
2024-05-28,2958,Campaign_2958,LinkedIn,136945,3691,2475.12,174,25903.84
2024-04-22,7161,Campaign_7161,Twitter,353567,7356,1285.26,21,3126.33
2024-05-07,4512,Campaign_4512,LinkedIn,185930,1178,3337.69,87,12951.92
2024-01-02,5264,Campaign_5264,Twitter,128303,6557,4707.23,496,73840.83
2024-10-11,4644,Campaign_4644,Google Ads,42830,5416,1874.68,94,13994.03
2024-05-20,7198,Campaign_7198,Meta Ads,181273,3853,594.65,170,25308.35
2024-01-24,5650,Campaign_5650,YouTube,231917,2520,2168.39,135,20097.81
2024-02-12,3827,Campaign_3827,LinkedIn,99235,4222,1400.42,234,34836.2
2024-08-17,7789,Campaign_7789,YouTube,178462,7522,489.43,35,5210.54
2024-12-13,2655,Campaign_2655,Google Ads,41308,9544,2443.52,173,25754.97
2024-05-01,6395,Campaign_6395,LinkedIn,81485,1468,1257.05,241,35878.31
2024-01-23,4545,Campaign_4545,LinkedIn,124351,2542,1607.57,208,30965.51
2024-09-05,6976,Campaign_6976,YouTube,496846,4979,2385.47,158,23521.88
2024-12-08,9452,Campaign_9452,Meta Ads,37276,1265,4528.6,315,46894.88
2024-11-26,6089,Campaign_6089,Google Ads,307245,166,4615.36,220,32751.98
2024-12-10,8962,Campaign_8962,Twitter,474921,6290,3518.45,333,49574.59
2024-06-04,3241,Campaign_3241,LinkedIn,203146,2804,2020.09,480,71458.87
2024-10-19,8518,Campaign_8518,Meta Ads,364102,105,3234.5,116,17269.23
2024-09-26,3457,Campaign_3457,Meta Ads,293191,9156,808.09,255,37962.52
2024-06-13,8652,Campaign_8652,LinkedIn,209194,8059,2533.33,470,69970.14
2024-08-09,1613,Campaign_1613,YouTube,51425,1403,2465.51,311,46299.39
2024-04-03,7778,Campaign_7778,YouTube,17338,3132,2218.78,434,64610.72
2024-08-17,5931,Campaign_5931,YouTube,128530,6404,2766.71,363,54040.77
2024-03-17,6047,Campaign_6047,Google Ads,151375,8447,4153.75,351,52254.3
2024-04-02,5758,Campaign_5758,Twitter,415859,2371,2699.44,258,38409.14
2024-11-03,3696,Campaign_3696,Google Ads,351607,2847,4659.56,291,43321.94
2024-12-18,2189,Campaign_2189,Twitter,374497,9997,913.77,471,70119.01
2024-12-08,9488,Campaign_9488,Google Ads,104421,2322,3306.49,185,27541.44
2024-05-19,4072,Campaign_4072,Twitter,323237,899,3591.08,202,30072.27
2024-11-16,1445,Campaign_1445,Google Ads,447337,3718,2316.37,468,69672.39
2024-03-14,7333,Campaign_7333,Meta Ads,123097,4851,2227.2,175,26052.71
2024-06-05,8040,Campaign_8040,YouTube,248719,549,2575.14,137,20395.55
2024-12-04,2476,Campaign_2476,Meta Ads,63958,1238,669.35,310,46150.52
2024-03-10,4350,Campaign_4350,Meta Ads,497516,4432,4431.17,39,5806.03
2024-11-15,4549,Campaign_4549,Twitter,416352,1532,44.48,280,41684.34
2024-02-13,1312,Campaign_1312,LinkedIn,480160,8576,4344.64,493,73394.21
2024-10-01,9732,Campaign_9732,LinkedIn,431124,4302,1379.48,95,14142.9
2024-01-25,4450,Campaign_4450,Google Ads,37795,1183,413.83,447,66546.07
2024-07-28,5143,Campaign_5143,Twitter,416951,699,2000.38,257,38260.27
2024-03-13,8238,Campaign_8238,Twitter,221639,7137,4841.15,273,40642.23
2024-12-13,8095,Campaign_8095,LinkedIn,210536,2184,194.36,495,73691.96
2024-09-03,9464,Campaign_9464,LinkedIn,337712,6229,3094.15,472,70267.88
2024-10-04,3275,Campaign_3275,Google Ads,190595,4885,3930.91,223,33198.6
2024-07-12,1201,Campaign_1201,Google Ads,450180,9451,2749.47,254,37813.65
2024-01-06,5283,Campaign_5283,Twitter,170510,139,881.41,175,26052.71
2024-09-26,5212,Campaign_5212,LinkedIn,24832,8928,804.06,203,30221.15
2024-07-09,1650,Campaign_1650,YouTube,402882,5125,1255.11,296,44066.3
2024-02-19,8827,Campaign_8827,Twitter,301154,4408,3192.4,453,67439.3
2024-05-16,6516,Campaign_6516,YouTube,116108,2520,947.89,493,73394.21
2024-05-12,9699,Campaign_9699,LinkedIn,70959,9217,2114.18,437,65057.34
2024-02-14,3126,Campaign_3126,LinkedIn,362154,6359,2155.5,413,61484.4
2024-11-16,2475,Campaign_2475,Meta Ads,189325,506,246.08,486,72352.1
2024-11-02,3912,Campaign_3912,Google Ads,390065,7402,2057.14,335,49872.33
2024-08-23,9725,Campaign_9725,Google Ads,222071,5864,974.26,156,23224.13
2024-04-30,7739,Campaign_7739,Meta Ads,211590,3929,3061.99,490,72947.59
2024-03-05,9563,Campaign_9563,YouTube,387045,2792,4390.91,368,54785.13
2024-08-14,1311,Campaign_1311,YouTube,8799,3534,2336.69,50,7443.63
2024-10-20,2876,Campaign_2876,Twitter,192659,7839,4594.84,161,23968.49
2024-07-07,4768,Campaign_4768,Twitter,428841,5345,4103.93,53,7890.25
2024-05-29,8793,Campaign_8793,YouTube,242038,8290,2267.58,456,67885.92
2024-10-17,8734,Campaign_8734,YouTube,233070,5375,4260.79,221,32900.85
2024-10-02,8806,Campaign_8806,YouTube,435230,8401,3611.36,105,15631.63
2024-06-03,2397,Campaign_2397,YouTube,437904,8779,825.54,2,297.75
2024-12-23,9786,Campaign_9786,LinkedIn,216614,3311,4582.1,32,4763.92
2024-10-24,8373,Campaign_8373,Meta Ads,489318,6861,291.82,30,4466.18
2024-08-03,6266,Campaign_6266,YouTube,84569,1681,3485.4,410,61037.78
2024-03-03,8031,Campaign_8031,Meta Ads,159982,8984,4321.58,97,14440.65
2024-06-17,2811,Campaign_2811,Twitter,248769,6158,2182.8,260,38706.89
2024-01-22,7780,Campaign_7780,YouTube,315129,2878,2861.27,474,70565.63
2024-03-06,2826,Campaign_2826,Google Ads,165165,9469,4867.99,72,10718.83
2024-06-12,5922,Campaign_5922,YouTube,96449,556,281.23,328,48830.22
2024-01-13,5069,Campaign_5069,Google Ads,239738,9419,1493.54,486,72352.1
2024-05-27,7405,Campaign_7405,Meta Ads,438842,2224,2632.58,42,6252.65
2024-10-22,1403,Campaign_1403,LinkedIn,185256,6345,4270.49,431,64164.11
2024-11-24,2082,Campaign_2082,Twitter,414835,2031,1188.66,419,62377.63
2024-10-28,4873,Campaign_4873,LinkedIn,237323,372,4557.58,96,14291.77
2024-10-31,8533,Campaign_8533,Twitter,175397,8810,889.27,136,20246.68
2024-01-11,3661,Campaign_3661,YouTube,287892,5084,327.68,360,53594.15
2024-05-18,7933,Campaign_7933,LinkedIn,22340,4913,4600.84,0,0.0
2024-12-24,4397,Campaign_4397,Meta Ads,196801,4627,3784.43,28,4168.43
2024-08-29,2165,Campaign_2165,YouTube,47168,9662,4699.35,407,60591.16
2024-02-16,2568,Campaign_2568,Google Ads,287486,7817,3752.34,239,35580.56
2024-12-01,3607,Campaign_3607,Meta Ads,159262,1336,1082.13,86,12803.05
2024-10-12,7077,Campaign_7077,YouTube,46316,8612,1054.53,456,67885.92
2024-05-26,4267,Campaign_4267,LinkedIn,71717,3530,2407.14,282,41982.08
2024-10-18,3690,Campaign_3690,Meta Ads,291730,181,4783.35,96,14291.77
2024-10-02,8985,Campaign_8985,LinkedIn,191812,7384,3274.72,475,70714.5
2024-03-17,2054,Campaign_2054,Twitter,60474,128,4992.48,391,58209.2
2024-06-02,6006,Campaign_6006,Meta Ads,133111,5911,1752.28,348,51807.68
2024-12-06,6498,Campaign_6498,YouTube,77781,2062,3167.88,49,7294.76
2024-10-26,5964,Campaign_5964,Meta Ads,381935,9393,4410.43,284,42279.83
2024-11-24,2213,Campaign_2213,Meta Ads,396787,6652,4296.7,228,33942.96
2024-08-18,4709,Campaign_4709,Google Ads,86913,5626,3577.24,374,55678.37
2024-04-08,8887,Campaign_8887,Meta Ads,250747,6309,3836.14,245,36473.8
2024-05-17,9110,Campaign_9110,YouTube,241266,1079,716.15,110,16375.99
2024-10-31,8253,Campaign_8253,YouTube,407255,8946,4426.93,418,62228.76
2024-11-09,9576,Campaign_9576,LinkedIn,122541,1763,1206.51,463,68928.03
2024-06-20,4605,Campaign_4605,LinkedIn,104764,275,4394.45,421,62675.38
2024-08-14,1397,Campaign_1397,LinkedIn,426670,6706,394.86,92,13696.28
2024-06-08,4346,Campaign_4346,Twitter,104630,2008,3245.26,47,6997.01
2024-01-11,6083,Campaign_6083,Google Ads,452308,5829,3618.54,68,10123.34
2024-05-08,5534,Campaign_5534,LinkedIn,154266,7768,4824.8,127,18906.82
2024-04-27,9034,Campaign_9034,LinkedIn,348980,7458,4420.48,96,14291.77
2024-04-04,9516,Campaign_9516,Google Ads,154939,4194,4778.26,104,15482.75
2024-08-16,3551,Campaign_3551,YouTube,437142,6491,2997.46,274,40791.1
2024-08-07,8486,Campaign_8486,LinkedIn,371620,572,2384.95,304,45257.28
2024-05-01,8299,Campaign_8299,YouTube,424170,1996,1901.28,49,7294.76
2024-07-14,8740,Campaign_8740,Twitter,419392,8255,363.45,246,36622.67
2024-03-04,8364,Campaign_8364,Google Ads,335887,9051,2023.98,275,40939.98
2024-12-24,7892,Campaign_7892,Google Ads,90802,9392,2811.09,13,1935.34
2024-02-09,8900,Campaign_8900,LinkedIn,439761,9906,2514.23,480,71458.87
2024-02-14,4317,Campaign_4317,LinkedIn,272615,5856,3214.1,146,21735.41
2024-06-19,4708,Campaign_4708,YouTube,109276,458,77.85,487,72500.97
2024-11-19,6984,Campaign_6984,Meta Ads,401240,9204,1490.54,5,744.36
2024-07-13,4382,Campaign_4382,YouTube,380009,6860,2653.2,18,2679.71
2024-12-11,4002,Campaign_4002,LinkedIn,106234,8852,845.22,398,59251.31
2024-11-11,7365,Campaign_7365,LinkedIn,63687,3505,3082.95,201,29923.4
2024-06-10,5108,Campaign_5108,Twitter,54189,266,1446.46,496,73840.83
2024-10-05,5192,Campaign_5192,YouTube,381060,2703,3957.25,167,24861.73
2024-08-27,7213,Campaign_7213,LinkedIn,153308,5726,1459.56,51,7592.5
2024-11-11,4969,Campaign_4969,Twitter,165985,7820,439.88,179,26648.2
2024-12-15,9232,Campaign_9232,Meta Ads,425763,9142,2113.06,258,38409.14
2024-04-25,9869,Campaign_9869,Google Ads,311613,937,1173.35,148,22033.15
2024-05-29,1562,Campaign_1562,YouTube,198210,1948,3640.45,109,16227.12
2024-05-17,8510,Campaign_8510,LinkedIn,44316,7039,1800.37,149,22182.02
2024-02-14,8593,Campaign_8593,Twitter,265376,2243,3810.78,403,59995.67
2024-02-25,1362,Campaign_1362,YouTube,31932,4401,3174.68,46,6848.14
2024-01-19,9844,Campaign_9844,LinkedIn,267935,3563,3670.4,497,73989.7
2024-04-01,1792,Campaign_1792,YouTube,343086,1402,616.44,180,26797.07
2024-10-15,4711,Campaign_4711,YouTube,186745,5892,2694.6,240,35729.43
2024-08-12,4553,Campaign_4553,Google Ads,345133,7847,1583.36,244,36324.92
2024-04-21,3658,Campaign_3658,Meta Ads,112638,5458,1987.27,111,16524.86
2024-03-05,8353,Campaign_8353,LinkedIn,166441,2232,1450.1,455,67737.05
2024-09-11,9282,Campaign_9282,Meta Ads,430941,417,2908.8,336,50021.21
2024-11-30,2050,Campaign_2050,Google Ads,327305,5744,3000.89,405,60293.42
2024-12-06,6170,Campaign_6170,Meta Ads,378398,8715,3700.85,217,32305.36
2024-03-10,5387,Campaign_5387,Meta Ads,291941,2108,1067.3,417,62079.89
2024-07-02,6347,Campaign_6347,Meta Ads,144372,8209,615.91,280,41684.34
2024-03-22,6794,Campaign_6794,Twitter,140869,9246,1733.85,309,46001.64
2024-05-10,4293,Campaign_4293,LinkedIn,242817,5796,3462.6,324,48234.73
2024-10-27,8819,Campaign_8819,Meta Ads,192275,9832,1260.16,28,4168.43
2024-06-05,7054,Campaign_7054,Meta Ads,87637,2896,4192.04,48,7145.89
2024-05-21,3964,Campaign_3964,LinkedIn,21806,4827,3813.3,212,31561.0
2024-11-22,6200,Campaign_6200,Google Ads,376597,4824,4535.46,395,58804.69
2024-05-21,7429,Campaign_7429,YouTube,126016,7401,2712.68,49,7294.76
2024-08-12,3754,Campaign_3754,Meta Ads,262038,7701,2779.64,7,1042.11
2024-05-23,9206,Campaign_9206,YouTube,396528,4563,3820.99,207,30816.64
2024-12-08,3894,Campaign_3894,Google Ads,200351,358,2908.57,96,14291.77
2024-11-16,9370,Campaign_9370,YouTube,210933,5301,4035.18,356,52998.66
2024-07-05,9211,Campaign_9211,LinkedIn,77545,5873,4541.92,417,62079.89
2024-08-14,8446,Campaign_8446,Twitter,351603,9034,2949.73,365,54338.51
2024-08-07,1449,Campaign_1449,Google Ads,102565,2042,3441.74,214,31858.74
2024-05-31,2638,Campaign_2638,LinkedIn,339402,9107,641.49,184,27392.57
2024-01-18,1748,Campaign_1748,Twitter,4033,6034,559.23,161,23968.49
2024-04-08,8428,Campaign_8428,YouTube,75243,2792,3402.38,238,35431.69
2024-02-19,6204,Campaign_6204,Meta Ads,8430,4169,738.5,145,21586.53
2024-05-21,8104,Campaign_8104,LinkedIn,455829,7331,3069.42,284,42279.83
2024-01-20,2185,Campaign_2185,Meta Ads,392970,4590,3852.49,333,49574.59
2024-07-02,1501,Campaign_1501,Google Ads,11010,1162,4365.42,207,30816.64
2024-10-11,8986,Campaign_8986,Google Ads,392756,3131,2709.17,375,55827.24
2024-04-20,6264,Campaign_6264,LinkedIn,179221,8497,2458.43,58,8634.61
2024-01-08,8196,Campaign_8196,YouTube,425514,3484,4076.29,70,10421.08
2024-12-20,3532,Campaign_3532,Twitter,225879,4977,2948.28,473,70416.76
2024-06-14,6053,Campaign_6053,Google Ads,475877,6056,2688.73,298,44364.05
2024-07-28,8808,Campaign_8808,YouTube,238990,1633,992.89,23,3424.07
2024-07-27,1213,Campaign_1213,YouTube,386423,7195,2337.0,190,28285.8
2024-11-25,2234,Campaign_2234,Google Ads,377271,1496,4805.67,450,66992.69
2024-05-02,6988,Campaign_6988,Google Ads,464589,9720,1831.2,308,45852.77
2024-09-16,3493,Campaign_3493,Google Ads,293832,813,2534.74,461,68630.29
2024-01-28,5297,Campaign_5297,Twitter,254443,8147,4527.22,187,27839.18
2024-05-14,3458,Campaign_3458,LinkedIn,187880,2828,3852.58,346,51509.93
2024-07-25,7956,Campaign_7956,Twitter,180586,2274,1470.91,459,68332.54
2024-11-21,5781,Campaign_5781,YouTube,395105,6295,2428.09,163,24266.24
2024-04-30,9089,Campaign_9089,Meta Ads,167361,7667,608.27,100,14887.26
2024-12-24,2178,Campaign_2178,Google Ads,325932,866,3762.6,172,25606.09
2024-11-17,9283,Campaign_9283,Meta Ads,401374,4595,4095.2,147,21884.28
2024-07-05,2480,Campaign_2480,Meta Ads,135747,1842,2624.8,205,30518.89
2024-12-18,8130,Campaign_8130,YouTube,102152,6986,900.2,239,35580.56
2024-09-12,3519,Campaign_3519,LinkedIn,480273,378,1698.64,127,18906.82
2024-03-19,6640,Campaign_6640,Twitter,230707,419,726.33,194,28881.29
2024-11-03,5363,Campaign_5363,Meta Ads,467113,7506,1093.34,297,44215.17
2024-10-03,1444,Campaign_1444,Twitter,265939,7931,1109.91,385,57315.97
2024-07-06,8403,Campaign_8403,YouTube,348929,3982,4688.2,62,9230.1
2024-01-10,1218,Campaign_1218,Twitter,255648,8776,816.55,395,58804.69
2024-11-22,7155,Campaign_7155,Meta Ads,275427,1294,3908.31,126,18757.95
2024-03-04,8231,Campaign_8231,Meta Ads,180964,9758,3134.16,354,52700.91
2024-01-28,2900,Campaign_2900,YouTube,41825,2688,4624.24,104,15482.75
2024-12-10,7845,Campaign_7845,Meta Ads,337586,616,1439.64,284,42279.83
2024-06-02,1985,Campaign_1985,Google Ads,309997,2802,2520.49,26,3870.69
2024-03-19,6816,Campaign_6816,Meta Ads,12189,1126,1608.79,52,7741.38
2024-06-20,6290,Campaign_6290,Google Ads,16323,4301,1372.52,88,13100.79
2024-06-16,6441,Campaign_6441,Meta Ads,190761,1704,1310.4,175,26052.71
2024-01-04,4430,Campaign_4430,Google Ads,19038,7018,4787.77,90,13398.54
2024-06-27,5268,Campaign_5268,YouTube,39214,4563,3203.02,380,56571.6
2024-09-04,1433,Campaign_1433,LinkedIn,187173,3687,572.53,297,44215.17
2024-10-17,6996,Campaign_6996,Twitter,90903,5680,3360.45,344,51212.19
2024-07-24,6648,Campaign_6648,LinkedIn,132251,5266,4602.88,179,26648.2
2024-09-01,2144,Campaign_2144,Meta Ads,481898,6803,1435.46,338,50318.95
2024-06-27,3836,Campaign_3836,YouTube,264093,872,267.45,275,40939.98
2024-08-13,2450,Campaign_2450,YouTube,68619,3974,1209.7,130,19353.44
2024-09-03,2795,Campaign_2795,Twitter,49668,811,1300.36,224,33347.47
2024-05-21,6943,Campaign_6943,YouTube,251822,8128,4292.64,201,29923.4
2024-02-15,7969,Campaign_7969,Meta Ads,46095,6157,3151.04,198,29476.78
2024-03-21,3426,Campaign_3426,LinkedIn,76340,1516,2238.64,23,3424.07
2024-11-13,8855,Campaign_8855,Google Ads,21290,7604,3682.13,169,25159.48
2024-04-01,2306,Campaign_2306,LinkedIn,166239,1139,2632.6,109,16227.12
2024-03-14,8019,Campaign_8019,Google Ads,246748,6867,2777.97,104,15482.75
2024-07-30,9437,Campaign_9437,Meta Ads,424564,1535,4341.06,163,24266.24
2024-02-07,4648,Campaign_4648,Google Ads,420734,1166,309.02,108,16078.24
2024-02-21,1859,Campaign_1859,Meta Ads,473699,2791,288.28,42,6252.65
2024-11-08,4249,Campaign_4249,LinkedIn,499506,1068,2102.46,208,30965.51
2024-03-08,7063,Campaign_7063,Google Ads,118567,7860,1546.24,76,11314.32
2024-08-11,6205,Campaign_6205,Google Ads,444554,221,4915.89,415,61782.14
2024-07-09,6860,Campaign_6860,Google Ads,145417,9074,4404.81,496,73840.83
2024-08-24,1312,Campaign_1312,Google Ads,198798,2918,803.78,246,36622.67
2024-07-28,1145,Campaign_1145,Twitter,353120,968,1749.32,385,57315.97
2024-06-14,4778,Campaign_4778,LinkedIn,222828,6729,3108.14,71,10569.96
2024-08-18,4805,Campaign_4805,Google Ads,178139,5793,4040.26,120,17864.72
2024-08-19,4403,Campaign_4403,Meta Ads,427355,374,1842.5,211,31412.13
2024-07-08,8743,Campaign_8743,LinkedIn,210144,1948,2035.51,420,62526.51
2024-03-04,8801,Campaign_8801,YouTube,453193,231,3215.94,141,20991.04
2024-01-16,4510,Campaign_4510,Twitter,210244,4279,1907.8,165,24563.99
2024-08-03,6259,Campaign_6259,Meta Ads,133282,5590,2358.7,431,64164.11
2024-03-31,8489,Campaign_8489,Meta Ads,325325,5263,1250.13,124,18460.21
2024-12-24,1243,Campaign_1243,YouTube,420782,9056,3515.85,27,4019.56
2024-03-18,8273,Campaign_8273,Google Ads,331355,6403,2978.78,167,24861.73
2024-07-18,2001,Campaign_2001,LinkedIn,420828,6341,3051.71,70,10421.08
2024-08-16,9040,Campaign_9040,Meta Ads,216378,9165,2066.46,213,31709.87
2024-03-05,1437,Campaign_1437,LinkedIn,119381,7670,898.28,25,3721.82
2024-03-26,8252,Campaign_8252,YouTube,258345,7293,4591.45,185,27541.44
2024-01-30,5989,Campaign_5989,YouTube,194505,7143,3650.54,345,51361.06
2024-11-26,3375,Campaign_3375,Twitter,373518,7008,4693.08,75,11165.45
2024-09-10,4924,Campaign_4924,Twitter,325162,9997,1265.66,137,20395.55
2024-09-07,5881,Campaign_5881,LinkedIn,469256,1091,3949.85,42,6252.65
2024-05-12,5055,Campaign_5055,YouTube,313538,2412,2134.41,344,51212.19
2024-10-19,9038,Campaign_9038,Google Ads,136103,478,2394.92,278,41386.59
2024-04-11,3487,Campaign_3487,LinkedIn,13453,7499,2556.24,364,54189.64
2024-04-16,3809,Campaign_3809,YouTube,377695,3123,3934.3,414,61633.27
2024-12-17,7884,Campaign_7884,Twitter,298529,9541,3021.1,98,14589.52
2024-08-16,5781,Campaign_5781,YouTube,46333,2977,2316.56,486,72352.1
2024-02-08,6750,Campaign_6750,LinkedIn,271705,9480,2486.96,326,48532.48
2024-11-09,8458,Campaign_8458,Meta Ads,259442,7948,537.05,121,18013.59
2024-04-03,3865,Campaign_3865,Twitter,421368,8980,3564.39,234,34836.2
2024-12-01,3878,Campaign_3878,Twitter,37539,2961,3843.77,200,29774.53
2024-09-27,8218,Campaign_8218,Google Ads,183876,4422,420.64,89,13249.66
2024-04-20,8495,Campaign_8495,Meta Ads,487070,1415,4880.85,362,53891.89
2024-07-11,5299,Campaign_5299,YouTube,438970,3881,2717.68,84,12505.3
2024-11-22,7580,Campaign_7580,LinkedIn,91664,5500,1525.52,70,10421.08
2024-04-06,6208,Campaign_6208,YouTube,26648,591,3765.24,165,24563.99
2024-02-24,7920,Campaign_7920,Meta Ads,26683,6104,4042.79,478,71161.12
2024-10-16,3637,Campaign_3637,Google Ads,401612,6265,4522.16,93,13845.16
2024-10-09,4584,Campaign_4584,Twitter,409260,1509,2745.9,452,67290.43
2024-11-23,4184,Campaign_4184,LinkedIn,178476,973,3015.32,409,60888.91
2024-07-18,4778,Campaign_4778,YouTube,52983,8929,3617.92,235,34985.07
2024-12-03,3780,Campaign_3780,Twitter,450429,1741,4216.96,316,47043.75
2024-05-28,7354,Campaign_7354,Twitter,259792,9691,1876.28,204,30370.02
2024-01-15,2245,Campaign_2245,Google Ads,178488,1380,1674.02,103,15333.88
2024-09-08,4679,Campaign_4679,YouTube,329986,2091,1268.37,82,12207.56
2024-08-04,6293,Campaign_6293,Meta Ads,164054,8167,941.57,7,1042.11
2024-06-19,6294,Campaign_6294,Twitter,71404,7631,1808.13,143,21288.79
2024-07-25,6745,Campaign_6745,Google Ads,440479,8198,114.47,188,27988.06
2024-10-20,9177,Campaign_9177,Google Ads,196760,6631,2255.7,71,10569.96
2024-08-13,5778,Campaign_5778,YouTube,130792,1305,4151.48,53,7890.25
2024-07-21,5106,Campaign_5106,Meta Ads,26189,1435,2587.42,394,58655.82
2024-05-03,4961,Campaign_4961,Google Ads,247447,8172,298.41,412,61335.53
2024-12-02,2161,Campaign_2161,YouTube,450996,7153,2079.08,439,65355.09
2024-02-26,3092,Campaign_3092,Meta Ads,407239,2456,3755.04,334,49723.46
2024-11-01,4913,Campaign_4913,Meta Ads,29118,184,2388.23,86,12803.05
2024-09-15,1363,Campaign_1363,Meta Ads,184641,9799,950.49,411,61186.65
2024-03-17,8926,Campaign_8926,Meta Ads,187969,6692,1335.58,325,48383.61
2024-04-17,1571,Campaign_1571,Meta Ads,313765,1651,1043.45,369,54934.0
2024-08-16,7316,Campaign_7316,Twitter,108857,9610,2401.56,4,595.49
2024-06-27,6523,Campaign_6523,Twitter,88324,8863,4397.74,345,51361.06
2024-01-22,3150,Campaign_3150,Twitter,54405,5139,3592.28,221,32900.85
2024-03-08,4876,Campaign_4876,YouTube,389240,8848,3984.73,377,56124.98
2024-05-30,3093,Campaign_3093,LinkedIn,385590,1339,2044.48,230,34240.71
2024-04-03,3474,Campaign_3474,YouTube,25375,2503,1763.2,43,6401.52
2024-11-23,6665,Campaign_6665,LinkedIn,278885,674,2629.26,175,26052.71
2024-07-10,5048,Campaign_5048,Twitter,127820,527,3661.79,463,68928.03
2024-11-20,8419,Campaign_8419,Twitter,373173,2569,1630.8,484,72054.36
2024-08-31,1362,Campaign_1362,YouTube,10266,2046,2861.19,432,64312.98
2024-07-16,4829,Campaign_4829,YouTube,233091,1954,540.8,2,297.75
2024-11-06,1206,Campaign_1206,LinkedIn,465565,2613,1944.94,350,52105.42
2024-05-04,7170,Campaign_7170,Twitter,475601,2608,1590.03,174,25903.84
2024-06-30,6760,Campaign_6760,YouTube,15177,213,2705.92,458,68183.67
2024-05-01,1182,Campaign_1182,Google Ads,7213,3873,3164.8,401,59697.93
2024-07-07,3554,Campaign_3554,Google Ads,496999,2642,3102.03,361,53743.02
2024-09-24,4306,Campaign_4306,Google Ads,179508,8530,4041.65,294,43768.56
2024-04-01,4988,Campaign_4988,YouTube,30477,4966,4059.76,186,27690.31
2024-04-11,1109,Campaign_1109,Twitter,202328,7130,3916.7,296,44066.3
2024-02-18,3412,Campaign_3412,LinkedIn,241479,6681,1929.72,189,28136.93
2024-04-09,3480,Campaign_3480,LinkedIn,476355,6742,2489.71,234,34836.2
2024-09-17,5318,Campaign_5318,Twitter,71908,9177,4994.31,103,15333.88
2024-05-29,1513,Campaign_1513,Twitter,24646,1074,1152.54,309,46001.64
2024-02-24,6522,Campaign_6522,LinkedIn,353387,5004,1898.28,277,41237.72
2024-07-23,7718,Campaign_7718,Twitter,432280,1423,3611.74,472,70267.88
2024-11-26,7114,Campaign_7114,Google Ads,365667,881,2415.52,108,16078.24
2024-01-21,5574,Campaign_5574,YouTube,84082,8486,486.74,73,10867.7
2024-02-06,2226,Campaign_2226,Twitter,344526,394,2440.48,217,32305.36
2024-06-16,4643,Campaign_4643,LinkedIn,114085,1786,236.5,175,26052.71
2024-11-29,8700,Campaign_8700,YouTube,12211,9749,1861.68,457,68034.8
2024-03-04,2678,Campaign_2678,YouTube,290003,285,4986.57,419,62377.63
2024-07-09,6593,Campaign_6593,Meta Ads,20477,8680,2118.04,291,43321.94
2024-06-24,8379,Campaign_8379,LinkedIn,104442,6251,3667.51,199,29625.65
2024-07-28,7940,Campaign_7940,Meta Ads,273157,3273,4556.34,56,8336.87
2024-11-29,9895,Campaign_9895,YouTube,275585,3033,2003.31,243,36176.05
2024-01-20,8625,Campaign_8625,YouTube,484178,6154,4988.1,17,2530.83
2024-04-22,6224,Campaign_6224,YouTube,265871,1212,3630.64,146,21735.41
2024-08-28,1944,Campaign_1944,LinkedIn,412911,3368,719.53,475,70714.5
2024-03-17,2608,Campaign_2608,Meta Ads,138394,9785,908.4,385,57315.97
2024-08-26,8089,Campaign_8089,Google Ads,361935,768,1107.53,216,32156.49
2024-12-03,9795,Campaign_9795,Google Ads,258065,3909,3923.33,305,45406.15
2024-08-30,8263,Campaign_8263,LinkedIn,324873,1794,1277.75,217,32305.36
2024-11-28,1231,Campaign_1231,Twitter,27755,5899,686.52,299,44512.92
2024-02-09,7971,Campaign_7971,Twitter,301855,9637,556.54,451,67141.56
2024-02-21,1034,Campaign_1034,LinkedIn,176190,2729,1085.4,244,36324.92
2024-01-29,6468,Campaign_6468,Twitter,464503,8590,1755.84,150,22330.9
2024-06-05,4089,Campaign_4089,Meta Ads,52809,6336,764.61,273,40642.23
2024-03-14,2918,Campaign_2918,Meta Ads,29108,7390,1896.13,95,14142.9
2024-04-10,7020,Campaign_7020,Twitter,263634,3448,787.27,345,51361.06
2024-07-22,2550,Campaign_2550,Meta Ads,468060,792,263.48,38,5657.16
2024-10-23,3125,Campaign_3125,Google Ads,454569,1386,2534.12,238,35431.69
2024-12-22,2771,Campaign_2771,Meta Ads,151249,5144,2122.77,464,69076.9
2024-08-29,9529,Campaign_9529,LinkedIn,297835,6721,1185.3,95,14142.9
2024-10-03,4030,Campaign_4030,Twitter,167049,3896,1091.87,213,31709.87
2024-04-03,4007,Campaign_4007,Twitter,394475,8680,2761.7,358,53296.4
2024-08-26,6365,Campaign_6365,LinkedIn,300975,3371,274.75,444,66099.45
2024-03-25,4447,Campaign_4447,Meta Ads,321347,2772,609.58,289,43024.19
2024-11-18,6273,Campaign_6273,YouTube,125337,301,4182.24,19,2828.58
2024-06-07,8878,Campaign_8878,Google Ads,307375,2524,4794.67,372,55380.62
2024-04-14,8088,Campaign_8088,Google Ads,262780,9761,2466.25,368,54785.13
2024-05-31,5115,Campaign_5115,Twitter,495821,1582,3761.84,225,33496.34
2024-06-16,9023,Campaign_9023,LinkedIn,271493,976,211.97,98,14589.52
2024-03-18,2632,Campaign_2632,Meta Ads,346579,543,958.45,7,1042.11
2024-09-23,1818,Campaign_1818,LinkedIn,63119,4389,463.96,299,44512.92
2024-05-21,2613,Campaign_2613,YouTube,171196,7965,4661.88,116,17269.23
2024-11-07,1363,Campaign_1363,LinkedIn,383122,4290,472.11,361,53743.02
2024-12-21,2763,Campaign_2763,Twitter,358972,8179,208.98,214,31858.74
2024-06-20,3363,Campaign_3363,Google Ads,316395,6159,84.43,36,5359.41
2024-12-09,7302,Campaign_7302,LinkedIn,167454,876,1100.81,404,60144.55
2024-12-01,6148,Campaign_6148,YouTube,125634,2663,2549.26,202,30072.27
2024-07-19,3325,Campaign_3325,YouTube,273626,6304,705.17,487,72500.97
2024-11-27,9472,Campaign_9472,LinkedIn,454814,3730,223.48,498,74138.57
2024-04-10,5380,Campaign_5380,YouTube,292674,1570,3136.24,487,72500.97
2024-07-09,9811,Campaign_9811,LinkedIn,396053,7595,4096.61,182,27094.82
2024-08-24,8070,Campaign_8070,YouTube,317576,1782,2203.38,262,39004.63
2024-11-03,2395,Campaign_2395,Twitter,91714,5501,369.37,187,27839.18
2024-11-17,8262,Campaign_8262,YouTube,415709,7683,3362.7,151,22479.77
2024-02-28,2643,Campaign_2643,Twitter,480785,2452,1060.67,375,55827.24
2024-10-11,3253,Campaign_3253,YouTube,194566,8192,1408.23,110,16375.99
2024-02-29,4111,Campaign_4111,LinkedIn,14417,9504,1065.39,453,67439.3
2024-11-14,5410,Campaign_5410,Twitter,319669,8086,1742.65,64,9527.85
2024-12-13,1176,Campaign_1176,YouTube,473243,212,4847.62,280,41684.34
2024-08-25,5665,Campaign_5665,Google Ads,327431,9215,569.61,286,42577.57
2024-01-26,6181,Campaign_6181,Twitter,443014,6975,1402.11,57,8485.74
2024-05-26,5011,Campaign_5011,YouTube,202301,6370,809.33,59,8783.49
2024-10-12,4275,Campaign_4275,LinkedIn,183669,6114,2111.69,429,63866.36
2024-08-08,1865,Campaign_1865,YouTube,435559,6945,402.61,21,3126.33
2024-12-22,3842,Campaign_3842,LinkedIn,404455,9934,3777.65,356,52998.66
2024-06-22,5737,Campaign_5737,LinkedIn,147809,5224,4390.04,314,46746.01
2024-01-09,3312,Campaign_3312,Google Ads,364561,8426,3974.03,109,16227.12
2024-06-30,2096,Campaign_2096,Meta Ads,250610,5840,3246.16,395,58804.69
2024-09-14,7327,Campaign_7327,Google Ads,242355,3441,3409.07,427,63568.62
2024-02-19,3691,Campaign_3691,YouTube,74607,1386,4430.85,462,68779.16
2024-06-12,4036,Campaign_4036,Meta Ads,379285,8815,4065.68,498,74138.57
2024-08-18,4740,Campaign_4740,YouTube,417407,9196,1741.61,489,72798.72
2024-06-25,1359,Campaign_1359,Twitter,120624,7489,4106.7,354,52700.91
2024-04-26,4446,Campaign_4446,Meta Ads,246228,6058,1039.43,497,73989.7
2024-02-26,6908,Campaign_6908,LinkedIn,352201,7872,4343.77,150,22330.9
2024-09-14,2074,Campaign_2074,Meta Ads,487558,1174,3525.78,381,56720.47
2024-05-18,6910,Campaign_6910,YouTube,102454,8815,2649.07,386,57464.84
2024-05-23,8894,Campaign_8894,Twitter,199786,836,3708.48,286,42577.57
2024-05-10,8559,Campaign_8559,LinkedIn,397163,7436,1599.06,290,43173.06
2024-11-14,1876,Campaign_1876,Meta Ads,275891,7915,2875.22,425,63270.87
2024-07-08,8719,Campaign_8719,Google Ads,293068,4156,2036.33,260,38706.89
2024-07-29,1268,Campaign_1268,Google Ads,44227,2745,1117.33,326,48532.48
2024-05-13,1077,Campaign_1077,YouTube,27530,6528,2487.94,256,38111.4
2024-06-17,6694,Campaign_6694,Google Ads,433455,9580,154.03,11,1637.6
2024-10-11,8507,Campaign_8507,YouTube,410038,4501,3833.46,256,38111.4
2024-10-29,7523,Campaign_7523,YouTube,1223,7173,4926.32,232,34538.45
2024-11-24,4649,Campaign_4649,YouTube,81520,7645,990.83,421,62675.38
2024-09-16,6042,Campaign_6042,LinkedIn,235266,635,4660.21,401,59697.93
2024-02-12,8621,Campaign_8621,LinkedIn,242942,8713,4037.18,349,51956.55
2024-03-05,3231,Campaign_3231,Meta Ads,28049,2962,4066.7,422,62824.25
2024-11-21,6323,Campaign_6323,Google Ads,320765,8678,4389.66,189,28136.93
2024-10-16,9965,Campaign_9965,Twitter,374625,4367,3294.52,335,49872.33
2024-08-23,4743,Campaign_4743,Twitter,182619,7000,2591.48,298,44364.05
2024-01-31,1770,Campaign_1770,LinkedIn,71659,534,2243.04,45,6699.27
2024-09-29,2647,Campaign_2647,YouTube,158267,9249,4529.95,21,3126.33
2024-11-30,7662,Campaign_7662,Google Ads,326252,614,2367.38,434,64610.72
2024-02-27,2053,Campaign_2053,Meta Ads,5823,9149,2720.08,145,21586.53
2024-07-05,5758,Campaign_5758,Meta Ads,386802,2496,3724.27,67,9974.47
2024-05-07,3452,Campaign_3452,Google Ads,405593,911,3825.08,201,29923.4
2024-05-20,1799,Campaign_1799,Twitter,410057,7635,996.78,484,72054.36
2024-09-29,8909,Campaign_8909,Twitter,20267,5897,3694.98,350,52105.42
2024-12-19,1529,Campaign_1529,YouTube,277233,833,4685.79,343,51063.31
2024-12-19,5885,Campaign_5885,Google Ads,33730,3258,2875.79,324,48234.73
2024-09-27,2116,Campaign_2116,Twitter,61478,6161,1561.52,8,1190.98
2024-10-29,5289,Campaign_5289,Meta Ads,201222,3110,13.76,246,36622.67
2024-08-27,5546,Campaign_5546,LinkedIn,63288,657,4276.94,467,69523.52
2024-12-26,1025,Campaign_1025,YouTube,17561,2270,741.02,114,16971.48
2024-08-12,8663,Campaign_8663,LinkedIn,75054,4978,2572.77,269,40046.74
2024-04-06,8841,Campaign_8841,LinkedIn,76859,8130,4599.4,242,36027.18
2024-10-31,9899,Campaign_9899,LinkedIn,308628,681,4054.07,147,21884.28
2024-12-16,4426,Campaign_4426,Meta Ads,257699,3419,3391.15,436,64908.47
2024-05-22,2496,Campaign_2496,Google Ads,32039,5527,4322.94,169,25159.48
2024-02-16,7492,Campaign_7492,Meta Ads,199711,2271,582.63,350,52105.42
2024-01-22,2349,Campaign_2349,YouTube,139000,5968,1998.93,409,60888.91
2024-06-27,7434,Campaign_7434,Meta Ads,248877,2053,2216.39,434,64610.72
2024-07-17,2252,Campaign_2252,Meta Ads,33495,9067,2104.01,249,37069.29
2024-10-07,3085,Campaign_3085,Meta Ads,437885,9523,2902.9,218,32454.23
2024-10-20,5409,Campaign_5409,Twitter,123549,734,310.83,394,58655.82
2024-05-12,9895,Campaign_9895,LinkedIn,88081,8285,887.4,489,72798.72
2024-08-28,5058,Campaign_5058,LinkedIn,308324,6316,2733.77,73,10867.7
2024-04-03,9776,Campaign_9776,Twitter,84214,2179,4448.74,62,9230.1
2024-08-05,8312,Campaign_8312,Twitter,206873,742,4762.67,440,65503.96
2024-06-11,7742,Campaign_7742,Google Ads,207242,1991,3121.02,313,46597.14
2024-03-18,9908,Campaign_9908,YouTube,288347,5932,2924.02,477,71012.25
2024-04-23,1633,Campaign_1633,YouTube,93415,9866,3935.46,129,19204.57
2024-06-16,7185,Campaign_7185,Meta Ads,325474,5340,1570.28,407,60591.16
2024-11-30,5430,Campaign_5430,Google Ads,337898,4664,984.33,320,47639.24
2024-09-29,3584,Campaign_3584,YouTube,174999,1360,148.96,221,32900.85
2024-01-18,4822,Campaign_4822,Meta Ads,136699,5990,1139.34,475,70714.5
2024-06-23,5436,Campaign_5436,Meta Ads,307075,8509,480.01,372,55380.62
2024-12-11,2676,Campaign_2676,YouTube,438994,1132,2554.56,95,14142.9
2024-03-15,1407,Campaign_1407,YouTube,34366,1432,4140.13,87,12951.92
2024-12-26,3723,Campaign_3723,LinkedIn,369291,3801,1345.88,211,31412.13
2024-01-05,8092,Campaign_8092,LinkedIn,498678,626,1654.09,241,35878.31
2024-09-03,7321,Campaign_7321,Twitter,41408,2909,3588.08,442,65801.71
2024-04-22,7852,Campaign_7852,Twitter,324336,884,1644.41,363,54040.77
2024-06-01,6537,Campaign_6537,Meta Ads,133859,5502,2107.07,17,2530.83
2024-08-28,1179,Campaign_1179,Meta Ads,499982,3251,3840.41,50,7443.63
2024-11-16,4461,Campaign_4461,Google Ads,99922,7558,3949.13,50,7443.63
2024-03-13,8561,Campaign_8561,YouTube,89432,6074,3590.32,28,4168.43
2024-10-18,3348,Campaign_3348,Twitter,164751,2687,4430.78,191,28434.67
2024-09-17,2142,Campaign_2142,Meta Ads,363216,3007,3058.08,268,39897.87
2024-07-12,4214,Campaign_4214,LinkedIn,33204,673,436.34,448,66694.94
2024-03-18,2689,Campaign_2689,Google Ads,475126,8059,1365.69,465,69225.78
2024-09-19,6516,Campaign_6516,YouTube,240010,5360,340.26,439,65355.09
2024-02-23,1337,Campaign_1337,Meta Ads,287598,3138,364.87,344,51212.19
2024-09-04,8983,Campaign_8983,Twitter,345014,3475,2654.83,47,6997.01
2024-08-20,7538,Campaign_7538,YouTube,4642,5759,1656.72,145,21586.53
2024-09-10,9061,Campaign_9061,YouTube,13727,7736,330.96,177,26350.46
2024-01-01,1402,Campaign_1402,Twitter,86455,2278,1423.77,385,57315.97
2024-06-20,1823,Campaign_1823,YouTube,257985,402,2908.53,364,54189.64
2024-02-26,6484,Campaign_6484,LinkedIn,70271,4363,2726.09,143,21288.79
2024-03-11,2503,Campaign_2503,Meta Ads,408118,9680,1525.48,473,70416.76
2024-03-03,1726,Campaign_1726,Google Ads,87279,2430,3596.83,499,74287.45
2024-10-08,3309,Campaign_3309,Twitter,365000,4093,3230.58,163,24266.24
2024-01-27,8347,Campaign_8347,YouTube,89399,917,3727.31,421,62675.38
2024-08-14,3068,Campaign_3068,Twitter,297875,4827,3388.14,22,3275.2
2024-05-14,7729,Campaign_7729,Twitter,428799,1351,1611.31,480,71458.87
2024-02-27,9596,Campaign_9596,YouTube,155378,2124,2702.31,90,13398.54
2024-07-29,2051,Campaign_2051,Twitter,403224,4786,807.24,423,62973.13
2024-08-06,4764,Campaign_4764,Twitter,252933,7375,4644.15,383,57018.22
2024-05-12,9300,Campaign_9300,Twitter,148799,8405,3241.19,432,64312.98
2024-05-30,5187,Campaign_5187,LinkedIn,428115,1210,2556.55,238,35431.69
2024-06-18,6282,Campaign_6282,Meta Ads,393008,6207,2880.17,417,62079.89
2024-06-04,4193,Campaign_4193,Google Ads,153969,3073,1352.93,199,29625.65
2024-07-02,3517,Campaign_3517,Twitter,247347,8541,4398.55,404,60144.55
2024-01-06,7953,Campaign_7953,Twitter,413756,6773,3489.14,32,4763.92
2024-04-16,9673,Campaign_9673,YouTube,342883,1162,3553.47,322,47936.99
2024-06-02,8400,Campaign_8400,LinkedIn,195949,9238,2717.34,328,48830.22
2024-08-07,5324,Campaign_5324,Google Ads,312405,6258,2164.46,160,23819.62
2024-02-27,6220,Campaign_6220,YouTube,370846,6871,1732.61,21,3126.33
2024-03-13,2394,Campaign_2394,YouTube,37980,8974,3212.45,476,70863.38
2024-01-03,6747,Campaign_6747,LinkedIn,119771,3532,1681.06,186,27690.31
2024-05-31,5202,Campaign_5202,Google Ads,103953,3185,4216.69,388,57762.58
2024-06-27,8554,Campaign_8554,LinkedIn,349405,5062,1062.92,89,13249.66
2024-10-31,1787,Campaign_1787,Meta Ads,305474,2765,203.89,172,25606.09
2024-11-01,7321,Campaign_7321,Meta Ads,456642,5095,3862.94,124,18460.21
2024-02-02,8657,Campaign_8657,Meta Ads,89162,6684,4359.51,272,40493.36
2024-07-22,8211,Campaign_8211,Twitter,91034,1422,4091.47,449,66843.81
2024-08-31,9969,Campaign_9969,YouTube,74695,5054,4507.11,370,55082.88
2024-09-29,9245,Campaign_9245,Meta Ads,114347,5395,3679.64,70,10421.08
2024-05-05,2536,Campaign_2536,LinkedIn,345538,8564,219.65,485,72203.23
2024-04-22,9964,Campaign_9964,LinkedIn,8196,977,3267.06,428,63717.49
2024-06-05,3596,Campaign_3596,Twitter,108970,8595,2591.56,244,36324.92
2024-02-20,4139,Campaign_4139,Meta Ads,256356,9986,3777.76,470,69970.14
2024-06-15,5880,Campaign_5880,LinkedIn,85795,7055,2467.71,126,18757.95
2024-07-19,7295,Campaign_7295,Google Ads,367739,4058,4793.12,227,33794.09
2024-09-22,6810,Campaign_6810,YouTube,433211,3879,4168.84,485,72203.23
2024-04-15,1412,Campaign_1412,Twitter,59875,6329,538.2,237,35282.81
2024-09-28,9391,Campaign_9391,Google Ads,195477,3114,2064.89,436,64908.47
2024-03-18,3627,Campaign_3627,YouTube,478396,333,1016.7,465,69225.78
2024-02-14,3213,Campaign_3213,Twitter,272802,7715,3383.97,33,4912.8
2024-08-19,9539,Campaign_9539,LinkedIn,61777,6109,3409.36,443,65950.58
2024-01-23,3900,Campaign_3900,LinkedIn,142900,1919,2578.41,261,38855.76
2024-02-25,1686,Campaign_1686,Twitter,71680,1754,1294.31,275,40939.98
2024-08-10,6245,Campaign_6245,Twitter,157819,9033,1464.4,117,17418.1
2024-09-10,8747,Campaign_8747,LinkedIn,174301,9056,1335.39,408,60740.04
2024-03-12,2297,Campaign_2297,Google Ads,385434,4866,1825.0,110,16375.99
2024-03-26,3454,Campaign_3454,Meta Ads,425374,4992,3432.09,43,6401.52
2024-12-30,7307,Campaign_7307,LinkedIn,157411,8473,1879.0,179,26648.2
2024-03-30,2963,Campaign_2963,Google Ads,73447,2361,4754.22,153,22777.51
2024-12-09,1007,Campaign_1007,Google Ads,13744,6399,2016.67,130,19353.44
2024-06-04,9737,Campaign_9737,YouTube,477539,9568,4273.88,178,26499.33
2024-01-29,5020,Campaign_5020,YouTube,8218,8215,4331.92,395,58804.69
2024-03-05,4567,Campaign_4567,Google Ads,444109,4776,1158.87,460,68481.41
2024-05-11,6184,Campaign_6184,LinkedIn,307611,1341,2834.01,368,54785.13
2024-07-29,5348,Campaign_5348,YouTube,115839,1559,4692.37,374,55678.37
2024-08-27,1320,Campaign_1320,Meta Ads,158719,1626,1826.14,20,2977.45
2024-07-03,5018,Campaign_5018,Meta Ads,155938,5316,1076.39,474,70565.63
2024-01-05,5621,Campaign_5621,Meta Ads,284720,2867,4131.08,189,28136.93
2024-01-24,9642,Campaign_9642,Google Ads,241785,4413,78.37,231,34389.58
2024-07-07,8244,Campaign_8244,YouTube,144259,4906,3247.38,485,72203.23
2024-02-29,5032,Campaign_5032,LinkedIn,262763,1454,2275.97,293,43619.68
2024-02-28,7348,Campaign_7348,YouTube,11732,8046,3257.09,79,11760.94
2024-04-24,3683,Campaign_3683,Twitter,468085,819,2241.8,257,38260.27
2024-08-26,1330,Campaign_1330,LinkedIn,375924,6192,2157.99,93,13845.16
2024-03-21,5445,Campaign_5445,Meta Ads,374361,2175,3954.49,3,446.62
2024-10-01,5007,Campaign_5007,LinkedIn,318271,1090,4215.96,149,22182.02
2024-08-20,1886,Campaign_1886,Google Ads,455291,6192,2363.49,392,58358.07
2024-08-02,6157,Campaign_6157,YouTube,37431,6198,4040.84,212,31561.0
2024-12-24,4564,Campaign_4564,YouTube,92672,5310,3053.42,464,69076.9
2024-07-16,8129,Campaign_8129,Meta Ads,302631,5202,4372.74,222,33049.73
2024-04-19,1945,Campaign_1945,LinkedIn,75661,7196,740.81,410,61037.78
2024-11-23,3282,Campaign_3282,Twitter,131721,151,36.55,167,24861.73
2024-12-19,7339,Campaign_7339,LinkedIn,459074,2242,3930.84,176,26201.58
2024-10-02,8478,Campaign_8478,Twitter,38082,5613,4251.53,484,72054.36
2024-12-22,1503,Campaign_1503,Twitter,408675,7645,2141.63,403,59995.67
2024-03-24,7668,Campaign_7668,Twitter,55792,804,581.42,194,28881.29
2024-06-16,9850,Campaign_9850,Twitter,494403,8829,2571.55,99,14738.39
2024-01-13,4139,Campaign_4139,YouTube,436135,3532,4626.12,76,11314.32
2024-10-02,5381,Campaign_5381,Twitter,156567,2470,1210.37,17,2530.83
2024-04-25,5876,Campaign_5876,Twitter,200501,5892,884.34,68,10123.34
2024-01-26,2382,Campaign_2382,YouTube,459850,5984,1345.09,404,60144.55
2024-02-28,3887,Campaign_3887,YouTube,446394,3727,1610.63,480,71458.87
2024-05-18,8508,Campaign_8508,LinkedIn,17638,9744,1634.22,303,45108.41
2024-07-08,8918,Campaign_8918,Meta Ads,110807,6899,4987.83,359,53445.28
2024-07-31,9448,Campaign_9448,Meta Ads,366847,506,1866.22,466,69374.65
2024-04-30,3461,Campaign_3461,LinkedIn,454626,2204,941.93,308,45852.77
2024-04-02,3146,Campaign_3146,Meta Ads,425499,1748,2263.48,140,20842.17
2024-04-04,3581,Campaign_3581,Google Ads,158628,7714,2515.47,388,57762.58
2024-06-27,5849,Campaign_5849,Google Ads,226538,2552,4412.19,104,15482.75
2024-05-10,1476,Campaign_1476,LinkedIn,23901,228,4761.41,373,55529.49
2024-07-18,6815,Campaign_6815,Google Ads,423683,6660,3551.16,158,23521.88
2024-04-21,8004,Campaign_8004,Meta Ads,62575,27,3678.3,445,66248.32
2024-08-03,5956,Campaign_5956,Meta Ads,184288,4237,3792.78,254,37813.65
2024-09-30,6616,Campaign_6616,Meta Ads,120712,8434,2377.87,207,30816.64
2024-11-30,5606,Campaign_5606,YouTube,430737,7761,54.5,439,65355.09
2024-11-12,5625,Campaign_5625,YouTube,44151,5062,3796.57,305,45406.15
2024-11-07,9298,Campaign_9298,Meta Ads,398702,4093,1664.06,387,57613.71
2024-04-21,1930,Campaign_1930,LinkedIn,188258,4664,577.16,18,2679.71
2024-03-08,6059,Campaign_6059,LinkedIn,102679,3896,3511.47,310,46150.52
2024-01-07,3867,Campaign_3867,Twitter,152010,2442,368.59,466,69374.65
2024-01-07,7365,Campaign_7365,Twitter,310541,8292,4401.37,108,16078.24
2024-06-07,2857,Campaign_2857,Twitter,8026,5697,4086.99,390,58060.33
2024-08-21,8082,Campaign_8082,YouTube,207571,1187,4993.8,244,36324.92
2024-04-16,2588,Campaign_2588,Google Ads,71188,7184,2233.72,23,3424.07
2024-11-05,7514,Campaign_7514,LinkedIn,377281,4514,4089.77,475,70714.5
2024-11-11,7761,Campaign_7761,LinkedIn,246265,3912,3402.45,265,39451.25
2024-01-16,9324,Campaign_9324,Meta Ads,238578,4262,2661.44,304,45257.28
2024-02-24,4406,Campaign_4406,YouTube,159362,5148,369.54,458,68183.67
2024-03-19,1961,Campaign_1961,Meta Ads,171437,2601,3392.99,134,19948.93
2024-08-10,1897,Campaign_1897,Twitter,450936,3389,3553.43,428,63717.49
2024-03-22,2325,Campaign_2325,Google Ads,358337,6820,1130.29,442,65801.71
2024-10-08,7437,Campaign_7437,LinkedIn,419682,7515,3485.25,4,595.49
2024-07-19,3445,Campaign_3445,LinkedIn,336379,7868,2549.64,87,12951.92
2024-01-12,7925,Campaign_7925,Meta Ads,95537,7937,583.92,417,62079.89
2024-08-28,3665,Campaign_3665,Google Ads,452424,4346,2744.45,422,62824.25
2024-05-11,6531,Campaign_6531,Meta Ads,394024,3388,2740.57,34,5061.67
2024-11-01,8249,Campaign_8249,LinkedIn,134284,2528,2601.3,62,9230.1
2024-03-12,4197,Campaign_4197,YouTube,478291,2351,2794.36,132,19651.19
2024-09-10,2433,Campaign_2433,Google Ads,179638,2557,2567.8,140,20842.17
2024-08-20,5137,Campaign_5137,Google Ads,121240,2281,3720.36,418,62228.76
2024-12-22,3879,Campaign_3879,Google Ads,125211,3429,434.6,440,65503.96
2024-06-22,3936,Campaign_3936,YouTube,497729,904,654.8,366,54487.39
2024-12-28,8700,Campaign_8700,YouTube,403357,8790,1079.12,344,51212.19
2024-08-10,9332,Campaign_9332,Google Ads,264926,3439,2515.3,56,8336.87
2024-05-06,4964,Campaign_4964,Meta Ads,115295,6213,870.71,92,13696.28
2024-03-06,9046,Campaign_9046,Google Ads,484453,3916,3541.66,292,43470.81
2024-01-17,9782,Campaign_9782,YouTube,108917,5109,4930.29,482,71756.61
2024-03-16,7257,Campaign_7257,LinkedIn,417630,929,1213.39,380,56571.6
2024-04-29,4695,Campaign_4695,Meta Ads,399015,7113,2983.97,392,58358.07
2024-04-11,5622,Campaign_5622,Twitter,231605,9703,897.8,76,11314.32
2024-02-18,5990,Campaign_5990,Meta Ads,374397,319,560.08,402,59846.8
2024-12-06,7582,Campaign_7582,LinkedIn,216098,3935,1686.25,210,31263.25
2024-05-18,9557,Campaign_9557,Google Ads,32186,1876,950.21,170,25308.35
2024-11-23,2925,Campaign_2925,LinkedIn,349710,2813,2298.96,224,33347.47
2024-09-10,7027,Campaign_7027,Meta Ads,408664,3625,294.83,47,6997.01
2024-08-03,7907,Campaign_7907,Meta Ads,68125,8017,3433.3,174,25903.84
2024-12-23,2271,Campaign_2271,Twitter,69964,1390,3031.36,416,61931.02
2024-02-06,3140,Campaign_3140,Meta Ads,261291,7805,736.53,303,45108.41
2024-12-09,5390,Campaign_5390,Meta Ads,337772,2062,1468.92,87,12951.92
2024-10-12,5466,Campaign_5466,Meta Ads,97955,8908,2893.44,498,74138.57
2024-08-25,9351,Campaign_9351,LinkedIn,105962,2776,4261.34,454,67588.18
2024-10-13,6772,Campaign_6772,Google Ads,38262,9043,2421.77,383,57018.22
2024-07-06,4650,Campaign_4650,LinkedIn,70059,9543,1420.73,311,46299.39
2024-01-09,8039,Campaign_8039,Meta Ads,348253,5243,2077.91,471,70119.01
2024-04-12,9014,Campaign_9014,YouTube,114396,9982,766.56,121,18013.59
2024-08-02,9760,Campaign_9760,LinkedIn,327745,2204,2784.76,122,18162.46
2024-07-19,3925,Campaign_3925,LinkedIn,335671,9568,1761.41,67,9974.47
2024-12-26,8342,Campaign_8342,LinkedIn,465402,9614,1399.63,449,66843.81
2024-07-28,8991,Campaign_8991,Google Ads,477975,7935,4418.74,211,31412.13
2024-01-01,2937,Campaign_2937,LinkedIn,492357,182,4280.39,480,71458.87
2024-08-16,4858,Campaign_4858,Meta Ads,17468,5629,2414.69,137,20395.55
2024-02-25,6502,Campaign_6502,Google Ads,492386,7232,3510.47,376,55976.11
2024-10-17,2947,Campaign_2947,Meta Ads,71405,6853,1213.47,400,59549.05
2024-06-03,2722,Campaign_2722,Twitter,291199,1796,3137.4,91,13547.41
2024-03-19,5856,Campaign_5856,Meta Ads,36779,6093,1291.73,1,148.87
2024-12-28,5325,Campaign_5325,Google Ads,455977,7794,499.73,290,43173.06
2024-12-10,8768,Campaign_8768,YouTube,60464,1517,3088.36,313,46597.14
2024-03-23,7778,Campaign_7778,Google Ads,124244,2798,451.95,10,1488.73
2024-02-08,2277,Campaign_2277,Twitter,76166,6595,332.39,169,25159.48
2024-07-12,1984,Campaign_1984,Twitter,328876,2484,826.17,424,63122.0
2024-10-20,8429,Campaign_8429,Twitter,130771,6611,4509.46,175,26052.71
2024-02-09,7691,Campaign_7691,Meta Ads,120286,7096,3948.36,31,4615.05
2024-07-31,8086,Campaign_8086,Google Ads,13417,8825,1020.96,191,28434.67
2024-04-28,3748,Campaign_3748,YouTube,476113,7416,3415.3,174,25903.84
2024-03-05,4729,Campaign_4729,LinkedIn,122659,8763,3010.88,494,73543.08
2024-09-21,8984,Campaign_8984,Meta Ads,108112,5905,1319.12,425,63270.87
2024-07-29,1612,Campaign_1612,Google Ads,9670,7723,2037.48,467,69523.52
2024-12-17,1354,Campaign_1354,YouTube,258596,1664,3405.91,176,26201.58
2024-10-05,4928,Campaign_4928,Google Ads,307031,6341,1413.09,142,21139.91
2024-01-05,5316,Campaign_5316,Twitter,52899,2816,3101.31,112,16673.74
2024-05-23,2192,Campaign_2192,Twitter,445632,8373,1138.55,109,16227.12
2024-02-27,5831,Campaign_5831,Twitter,212205,3235,1737.55,74,11016.58
2024-06-03,6836,Campaign_6836,Meta Ads,394119,6038,1814.6,479,71309.99
2024-11-06,1710,Campaign_1710,Google Ads,199383,6880,44.63,364,54189.64
2024-03-17,5153,Campaign_5153,Google Ads,219436,223,4715.73,107,15929.37
2024-11-22,6532,Campaign_6532,Twitter,400552,5577,2651.86,144,21437.66
2024-05-30,1301,Campaign_1301,Google Ads,446383,2257,4504.86,58,8634.61
2024-09-12,8312,Campaign_8312,Meta Ads,476643,8695,2531.77,380,56571.6
2024-07-22,7599,Campaign_7599,Meta Ads,62637,9622,2038.86,157,23373.0
2024-02-29,5231,Campaign_5231,Google Ads,69155,1501,1927.93,312,46448.26
2024-01-22,4296,Campaign_4296,Twitter,264363,7724,40.41,264,39302.38
2024-07-05,4652,Campaign_4652,LinkedIn,101734,7323,1689.64,157,23373.0
2024-08-21,4683,Campaign_4683,Twitter,241892,4250,3532.81,221,32900.85
2024-01-30,1261,Campaign_1261,Meta Ads,234891,4016,1627.45,327,48681.35
2024-09-16,3744,Campaign_3744,LinkedIn,441331,8541,1821.72,224,33347.47
2024-01-06,1711,Campaign_1711,Google Ads,150526,2874,1940.6,184,27392.57
2024-01-20,2154,Campaign_2154,Twitter,82072,5548,4687.68,332,49425.72
2024-04-06,2430,Campaign_2430,Google Ads,253981,6808,1183.84,141,20991.04
2024-09-04,2196,Campaign_2196,YouTube,133087,439,4067.83,397,59102.44
2024-03-29,1966,Campaign_1966,Google Ads,442437,3572,4815.03,174,25903.84
2024-12-15,7998,Campaign_7998,Meta Ads,495512,9688,4403.15,424,63122.0
2024-04-15,7210,Campaign_7210,LinkedIn,469796,8965,4230.65,298,44364.05
2024-05-23,3806,Campaign_3806,Meta Ads,15821,8932,69.12,207,30816.64
2024-06-16,8975,Campaign_8975,YouTube,260551,5027,1045.93,493,73394.21
2024-07-09,7313,Campaign_7313,Meta Ads,21783,8675,3935.8,395,58804.69
2024-06-22,1343,Campaign_1343,Twitter,183556,3004,2394.55,168,25010.6
2024-04-20,7408,Campaign_7408,Google Ads,468690,4247,2802.39,170,25308.35
2024-11-15,4191,Campaign_4191,Twitter,400127,6685,1516.21,18,2679.71
2024-08-18,4436,Campaign_4436,LinkedIn,441253,4424,4333.77,399,59400.18
2024-05-20,7013,Campaign_7013,LinkedIn,431555,3467,3466.41,302,44959.54
2024-11-15,7192,Campaign_7192,Google Ads,396497,2876,920.57,127,18906.82
2024-06-17,1451,Campaign_1451,YouTube,308557,5840,2763.95,146,21735.41
2024-05-12,3324,Campaign_3324,Google Ads,95740,6473,4816.25,321,47788.12
2024-01-23,6736,Campaign_6736,Google Ads,472890,5435,954.46,24,3572.94
2024-11-03,6122,Campaign_6122,Twitter,313136,2327,3375.08,218,32454.23
2024-11-16,1950,Campaign_1950,Twitter,471701,2213,264.58,62,9230.1
2024-11-27,4158,Campaign_4158,Meta Ads,234942,9065,1970.9,148,22033.15
2024-06-25,4976,Campaign_4976,Meta Ads,484315,6274,3641.53,38,5657.16
2024-10-30,7151,Campaign_7151,Google Ads,492317,1595,979.45,261,38855.76
2024-11-23,9687,Campaign_9687,LinkedIn,473358,577,4992.69,176,26201.58
2024-07-11,4799,Campaign_4799,Google Ads,245318,5284,2306.0,176,26201.58
2024-08-11,6729,Campaign_6729,Meta Ads,124506,536,4191.92,353,52552.04
2024-02-25,2832,Campaign_2832,Google Ads,131507,1890,2929.1,20,2977.45
2024-01-04,1573,Campaign_1573,YouTube,348289,4852,1582.76,241,35878.31
2024-08-15,4784,Campaign_4784,LinkedIn,319979,1425,2286.16,104,15482.75
2024-01-30,3401,Campaign_3401,Meta Ads,162518,6545,136.37,36,5359.41
2024-09-27,3140,Campaign_3140,Google Ads,124396,1469,3687.03,272,40493.36
2024-07-01,5496,Campaign_5496,YouTube,467213,305,1393.74,315,46894.88
2024-08-19,5332,Campaign_5332,Twitter,416531,1988,4851.09,75,11165.45
2024-07-30,7502,Campaign_7502,Google Ads,276183,4996,3294.93,51,7592.5
2024-09-06,8708,Campaign_8708,LinkedIn,475996,7741,2973.33,198,29476.78
2024-11-24,3449,Campaign_3449,Google Ads,179513,9435,3781.18,407,60591.16
2024-12-13,1946,Campaign_1946,YouTube,394669,6595,4800.47,172,25606.09
2024-08-21,4878,Campaign_4878,Google Ads,282599,3838,4461.85,93,13845.16
2024-03-20,3063,Campaign_3063,YouTube,167346,246,4946.33,112,16673.74
2024-12-12,6062,Campaign_6062,YouTube,487931,9441,1144.33,228,33942.96
2024-02-27,4264,Campaign_4264,Twitter,480236,7565,1481.79,283,42130.96
2024-10-07,2740,Campaign_2740,Google Ads,401814,4399,3140.04,31,4615.05
2024-07-02,6029,Campaign_6029,Meta Ads,124563,6810,3624.2,424,63122.0
2024-09-03,8254,Campaign_8254,LinkedIn,1532,2675,1048.49,252,37515.9
2024-10-29,4167,Campaign_4167,Google Ads,480751,776,1766.91,234,34836.2
2024-06-16,3801,Campaign_3801,LinkedIn,327332,2753,1147.94,338,50318.95
2024-05-27,9648,Campaign_9648,Google Ads,416147,1563,4424.79,451,67141.56
2024-01-30,5491,Campaign_5491,LinkedIn,109121,1347,2012.0,1,148.87
2024-06-09,4523,Campaign_4523,Twitter,265884,9135,2586.61,351,52254.3
2024-08-06,8519,Campaign_8519,Twitter,322935,8842,1340.39,339,50467.82
2024-12-09,2363,Campaign_2363,Google Ads,144360,3128,1833.08,346,51509.93
2024-04-18,5979,Campaign_5979,Meta Ads,371283,4972,4449.78,265,39451.25
2024-05-13,5314,Campaign_5314,LinkedIn,369330,9567,1909.1,299,44512.92
2024-02-18,6599,Campaign_6599,LinkedIn,140954,9419,3924.01,352,52403.17
2024-05-29,4082,Campaign_4082,Google Ads,105861,912,1782.14,418,62228.76
2024-05-31,5323,Campaign_5323,Google Ads,131348,8616,3348.28,307,45703.9
2024-12-08,4300,Campaign_4300,LinkedIn,160711,7598,1669.05,223,33198.6
2024-06-08,7758,Campaign_7758,YouTube,72434,8279,624.69,12,1786.47
2024-04-01,2351,Campaign_2351,Meta Ads,246950,2205,3371.99,397,59102.44
2024-03-22,1148,Campaign_1148,YouTube,358344,1717,4454.62,282,41982.08
2024-11-27,7414,Campaign_7414,YouTube,399048,1516,704.39,149,22182.02
2024-09-05,3570,Campaign_3570,YouTube,291791,1623,4595.76,278,41386.59
2024-11-04,5676,Campaign_5676,Meta Ads,9863,4573,3152.89,78,11612.07
2024-02-24,4443,Campaign_4443,YouTube,254866,2565,702.43,301,44810.66
2024-02-23,1173,Campaign_1173,LinkedIn,155247,7260,4640.82,343,51063.31
2024-05-08,8073,Campaign_8073,Google Ads,453768,5380,3055.67,107,15929.37
2024-06-11,9800,Campaign_9800,Twitter,70734,6959,2170.86,144,21437.66
2024-11-02,9843,Campaign_9843,LinkedIn,451894,282,730.39,43,6401.52
2024-11-03,9609,Campaign_9609,LinkedIn,320009,335,1973.34,472,70267.88
2024-11-20,6149,Campaign_6149,YouTube,92340,5209,3420.58,307,45703.9
2024-10-17,4329,Campaign_4329,YouTube,87424,5176,4362.51,24,3572.94
2024-09-05,9232,Campaign_9232,Twitter,323234,8733,2008.98,21,3126.33
2024-01-21,9419,Campaign_9419,LinkedIn,171638,9743,2300.83,23,3424.07
2024-10-08,2117,Campaign_2117,YouTube,279858,7849,4444.47,45,6699.27
2024-06-22,1739,Campaign_1739,LinkedIn,405853,6949,4522.43,353,52552.04
2024-11-23,7899,Campaign_7899,LinkedIn,315629,414,2476.73,309,46001.64
2024-10-31,7101,Campaign_7101,Meta Ads,345440,3572,95.97,416,61931.02
2024-11-07,6055,Campaign_6055,Twitter,103607,5860,165.47,159,23670.75
2024-03-29,9413,Campaign_9413,Meta Ads,435822,5562,3303.89,192,28583.55
2024-09-26,5972,Campaign_5972,Google Ads,446317,4268,3226.56,217,32305.36
2024-12-14,1412,Campaign_1412,Meta Ads,147840,2642,101.88,436,64908.47
2024-10-29,6956,Campaign_6956,LinkedIn,81520,1771,1572.19,226,33645.22
2024-02-10,6008,Campaign_6008,Google Ads,329508,1693,2905.23,496,73840.83
2024-03-11,5639,Campaign_5639,Twitter,145666,8250,3474.38,185,27541.44
2024-05-28,8892,Campaign_8892,Twitter,315078,8123,4750.2,184,27392.57
2024-08-25,6139,Campaign_6139,YouTube,294192,8223,999.79,56,8336.87
2024-09-17,8609,Campaign_8609,LinkedIn,222484,9885,478.72,117,17418.1
2024-02-03,1721,Campaign_1721,LinkedIn,419758,9968,4791.22,194,28881.29
2024-02-07,6487,Campaign_6487,YouTube,316059,3067,3094.25,363,54040.77
2024-07-16,6333,Campaign_6333,Twitter,86871,7331,1468.97,15,2233.09
2024-10-08,2411,Campaign_2411,Twitter,354501,5222,4879.94,176,26201.58
2024-05-30,4656,Campaign_4656,Meta Ads,311244,5653,3989.47,333,49574.59
2024-11-05,5652,Campaign_5652,YouTube,5938,7950,2790.35,33,4912.8
2024-04-16,3849,Campaign_3849,Google Ads,93403,3279,1994.95,61,9081.23
2024-10-12,3143,Campaign_3143,Meta Ads,217625,6625,2640.41,15,2233.09
2024-08-02,2547,Campaign_2547,Twitter,345369,641,3769.41,280,41684.34
2024-02-29,4047,Campaign_4047,Meta Ads,415456,1202,3261.53,388,57762.58
2024-01-25,7440,Campaign_7440,LinkedIn,316465,3176,1429.73,315,46894.88
2024-01-24,1598,Campaign_1598,Google Ads,114450,8194,4201.63,349,51956.55
2024-02-07,7443,Campaign_7443,YouTube,85830,2661,1944.5,378,56273.86
2024-11-02,6894,Campaign_6894,Twitter,89337,1097,536.35,158,23521.88
2024-10-16,1740,Campaign_1740,Google Ads,7903,7154,3992.95,69,10272.21
2024-01-27,3623,Campaign_3623,Meta Ads,289788,5179,2033.25,54,8039.12
2024-05-04,9938,Campaign_9938,LinkedIn,9300,7225,2143.18,257,38260.27
2024-05-26,6577,Campaign_6577,Google Ads,115371,8159,2626.89,345,51361.06
