date,store_id,store_name,city,visits,unique_visitors
2024-02-05,740,Store_740,Bengaluru,2291,2974
2024-04-02,419,Store_419,Kolkata,4557,3431
2024-06-13,302,Store_302,Delhi,1836,2990
2024-01-19,859,Store_859,Bengaluru,2797,2941
2024-12-23,978,Store_978,Mumbai,4242,3120
2024-10-10,260,Store_260,Pune,89,3680
2024-02-27,403,Store_403,Delhi,2327,977
2024-07-08,232,Store_232,Mumbai,2234,3626
2024-04-16,432,Store_432,Pune,3313,3762
2024-11-29,343,Store_343,Pune,1975,908
2024-01-06,437,Store_437,Hyderabad,4417,93
2024-07-08,146,Store_146,Bengaluru,839,832
2024-08-31,875,Store_875,Mumbai,4090,723
2024-05-05,370,Store_370,Chennai,477,3030
2024-06-07,688,Store_688,Chennai,1868,3655
2024-10-07,264,Store_264,Bengaluru,4744,1314
2024-04-04,648,Store_648,Delhi,2609,1665
2024-10-21,432,Store_432,Pune,3930,688
2024-06-03,236,Store_236,Pune,3218,2672
2024-05-21,813,Store_813,Bengaluru,2005,3411
2024-01-14,772,Store_772,Kolkata,872,2580
2024-01-16,887,Store_887,Delhi,2057,1609
2024-09-10,353,Store_353,Bengaluru,378,3913
2024-02-14,230,Store_230,Bengaluru,584,1926
2024-03-16,510,Store_510,Delhi,4073,209
2024-07-23,770,Store_770,Hyderabad,1856,215
2024-02-18,905,Store_905,Kolkata,3542,2643
2024-02-11,488,Store_488,Delhi,599,645
2024-08-03,283,Store_283,Kolkata,1996,1762
2024-01-25,831,Store_831,Hyderabad,1583,1276
2024-06-08,853,Store_853,Kolkata,2350,3772
2024-04-11,123,Store_123,Hyderabad,939,1893
2024-03-22,186,Store_186,Mumbai,4200,996
2024-10-30,159,Store_159,Hyderabad,157,1611
2024-03-17,387,Store_387,Hyderabad,3371,987
2024-06-11,743,Store_743,Hyderabad,3842,3898
2024-08-22,886,Store_886,Mumbai,3933,1657
2024-06-02,486,Store_486,Pune,4914,110
2024-06-02,624,Store_624,Pune,2323,613
2024-02-11,340,Store_340,Hyderabad,2587,594
2024-12-11,405,Store_405,Chennai,2588,1748
2024-10-17,823,Store_823,Pune,1907,1894
2024-12-04,914,Store_914,Mumbai,359,668
2024-08-22,219,Store_219,Mumbai,1403,3502
2024-04-13,385,Store_385,Chennai,2818,1584
2024-12-27,256,Store_256,Kolkata,789,3720
2024-06-01,236,Store_236,Bengaluru,652,51
2024-08-13,974,Store_974,Bengaluru,1861,3944
2024-11-11,126,Store_126,Mumbai,380,1891
2024-02-17,710,Store_710,Bengaluru,1967,2524
2024-03-22,918,Store_918,Mumbai,548,3331
2024-03-30,998,Store_998,Bengaluru,4341,160
2024-05-31,587,Store_587,Hyderabad,3232,2584
2024-07-28,736,Store_736,Bengaluru,1061,957
2024-11-15,192,Store_192,Pune,1607,912
2024-05-09,728,Store_728,Chennai,2948,1838
2024-03-08,327,Store_327,Delhi,176,3230
2024-02-29,533,Store_533,Pune,893,2805
2024-08-10,688,Store_688,Bengaluru,890,1466
2024-05-13,799,Store_799,Kolkata,1106,3058
2024-11-11,327,Store_327,Delhi,2364,1069
2024-07-23,527,Store_527,Chennai,3529,241
2024-03-14,825,Store_825,Mumbai,752,3004
2024-09-25,737,Store_737,Chennai,4204,2360
2024-09-18,413,Store_413,Bengaluru,1463,3632
2024-01-22,564,Store_564,Hyderabad,1709,1688
2024-10-22,793,Store_793,Chennai,2456,1926
2024-10-21,601,Store_601,Kolkata,1382,766
2024-01-15,267,Store_267,Delhi,4155,1022
2024-10-06,310,Store_310,Bengaluru,72,1923
2024-01-17,176,Store_176,Hyderabad,3133,907
2024-04-09,459,Store_459,Hyderabad,4277,2865
2024-11-12,248,Store_248,Kolkata,323,2796
2024-04-03,856,Store_856,Delhi,963,3997
2024-09-22,576,Store_576,Mumbai,2709,1498
2024-03-28,597,Store_597,Bengaluru,4879,3333
2024-05-04,121,Store_121,Chennai,373,2474
2024-05-10,531,Store_531,Hyderabad,2218,1618
2024-12-17,813,Store_813,Delhi,2939,518
2024-01-07,947,Store_947,Hyderabad,410,1604
2024-10-27,123,Store_123,Delhi,2052,2126
2024-05-11,449,Store_449,Delhi,4691,735
2024-11-21,326,Store_326,Kolkata,735,352
2024-04-18,878,Store_878,Pune,3022,765
2024-04-07,534,Store_534,Bengaluru,4867,270
2024-11-24,477,Store_477,Delhi,3274,3874
2024-01-05,158,Store_158,Kolkata,1026,3375
2024-12-01,990,Store_990,Delhi,2498,1966
2024-08-10,619,Store_619,Pune,4032,2210
2024-02-29,460,Store_460,Chennai,4560,1653
2024-07-08,458,Store_458,Chennai,4589,2601
2024-02-20,490,Store_490,Chennai,3925,1701
2024-05-08,398,Store_398,Hyderabad,1444,978
2024-06-28,447,Store_447,Bengaluru,295,132
2024-11-26,670,Store_670,Bengaluru,4782,1214
2024-06-06,841,Store_841,Bengaluru,1288,3452
2024-05-13,650,Store_650,Chennai,2181,3208
2024-11-03,743,Store_743,Mumbai,4104,2365
2024-06-07,729,Store_729,Bengaluru,1753,3846
2024-11-23,736,Store_736,Mumbai,1478,2860
2024-01-11,579,Store_579,Mumbai,3941,2604
2024-01-02,837,Store_837,Hyderabad,823,681
2024-06-14,876,Store_876,Mumbai,972,1594
2024-10-21,915,Store_915,Hyderabad,337,2326
2024-04-30,630,Store_630,Bengaluru,3871,1917
2024-08-10,287,Store_287,Chennai,3552,3949
2024-11-03,346,Store_346,Hyderabad,621,455
2024-10-10,597,Store_597,Pune,1739,1171
2024-09-21,505,Store_505,Bengaluru,887,642
2024-05-25,480,Store_480,Bengaluru,2469,2714
2024-07-29,427,Store_427,Bengaluru,2015,958
2024-01-14,267,Store_267,Kolkata,1881,2264
2024-06-18,955,Store_955,Kolkata,654,2371
2024-12-07,415,Store_415,Mumbai,4018,2251
2024-09-01,161,Store_161,Hyderabad,2077,112
2024-06-11,326,Store_326,Chennai,4196,1815
2024-11-28,625,Store_625,Chennai,3583,160
2024-01-31,739,Store_739,Mumbai,4266,3032
2024-01-08,930,Store_930,Delhi,3195,1599
2024-02-27,190,Store_190,Hyderabad,4263,708
2024-09-02,101,Store_101,Hyderabad,1084,1764
2024-04-23,903,Store_903,Pune,3384,2102
2024-01-25,840,Store_840,Pune,1074,2219
2024-04-05,105,Store_105,Pune,3990,1715
2024-12-24,818,Store_818,Pune,435,3290
2024-01-29,852,Store_852,Kolkata,382,2314
2024-08-02,656,Store_656,Hyderabad,774,500
2024-03-13,207,Store_207,Delhi,4952,1779
2024-02-13,672,Store_672,Kolkata,1169,3353
2024-03-19,345,Store_345,Hyderabad,3356,910
2024-11-06,180,Store_180,Pune,1676,1307
2024-11-24,616,Store_616,Bengaluru,846,3716
2024-05-05,822,Store_822,Pune,4688,479
2024-07-25,897,Store_897,Delhi,4835,2685
2024-12-26,229,Store_229,Bengaluru,524,814
2024-04-11,872,Store_872,Hyderabad,3224,1575
2024-06-30,509,Store_509,Chennai,1420,1452
2024-12-17,204,Store_204,Hyderabad,492,2276
2024-08-12,901,Store_901,Hyderabad,3967,3200
2024-07-17,458,Store_458,Kolkata,399,962
2024-11-17,482,Store_482,Mumbai,2854,49
2024-10-03,353,Store_353,Pune,4789,1674
2024-11-02,570,Store_570,Pune,3901,2976
2024-08-07,678,Store_678,Chennai,3892,3963
2024-01-11,991,Store_991,Hyderabad,1651,512
2024-02-28,906,Store_906,Mumbai,804,3765
2024-01-27,163,Store_163,Kolkata,764,47
2024-11-09,648,Store_648,Kolkata,685,1838
2024-02-17,945,Store_945,Hyderabad,3351,612
2024-04-05,226,Store_226,Pune,4889,3133
2024-01-16,806,Store_806,Chennai,2421,1790
2024-10-15,299,Store_299,Chennai,3596,3985
2024-09-22,894,Store_894,Pune,3534,3297
2024-09-28,158,Store_158,Pune,3026,1406
2024-02-18,286,Store_286,Delhi,4179,1450
2024-05-26,151,Store_151,Kolkata,4846,1864
2024-08-07,558,Store_558,Pune,2965,3949
2024-05-04,710,Store_710,Pune,480,1561
2024-02-05,879,Store_879,Delhi,1442,534
2024-05-10,206,Store_206,Kolkata,3897,2509
2024-03-10,242,Store_242,Bengaluru,4064,1393
2024-10-24,770,Store_770,Delhi,1081,1737
2024-05-18,439,Store_439,Kolkata,2200,1166
2024-03-25,467,Store_467,Kolkata,4885,3982
2024-04-15,370,Store_370,Bengaluru,3027,3384
2024-09-12,772,Store_772,Mumbai,2599,1202
2024-01-23,355,Store_355,Kolkata,2627,2646
2024-09-22,657,Store_657,Pune,2199,1722
2024-06-14,882,Store_882,Kolkata,4721,3203
2024-06-20,360,Store_360,Chennai,3970,598
2024-05-30,978,Store_978,Hyderabad,4426,3922
2024-11-13,973,Store_973,Bengaluru,4450,960
2024-10-25,449,Store_449,Hyderabad,840,2291
2024-05-24,784,Store_784,Mumbai,4683,491
2024-05-24,631,Store_631,Pune,289,2715
2024-03-20,390,Store_390,Hyderabad,1991,2925
2024-02-12,308,Store_308,Chennai,2003,2530
2024-11-14,812,Store_812,Pune,4441,822
2024-03-05,471,Store_471,Kolkata,1927,2333
2024-02-06,432,Store_432,Pune,868,908
2024-08-22,797,Store_797,Hyderabad,2751,116
2024-12-05,908,Store_908,Kolkata,2919,1029
2024-03-27,724,Store_724,Delhi,1033,3697
2024-03-14,364,Store_364,Hyderabad,3869,2486
2024-04-02,266,Store_266,Hyderabad,262,60
2024-08-03,617,Store_617,Bengaluru,1390,2882
2024-06-20,191,Store_191,Bengaluru,3849,2461
2024-08-15,653,Store_653,Delhi,302,2986
2024-04-06,169,Store_169,Mumbai,2668,1928
2024-08-29,486,Store_486,Mumbai,537,232
2024-09-05,893,Store_893,Kolkata,2609,3415
2024-09-01,922,Store_922,Chennai,2994,3097
2024-03-28,188,Store_188,Chennai,612,3689
2024-02-26,638,Store_638,Mumbai,693,1729
2024-03-21,346,Store_346,Chennai,4450,2883
2024-12-07,628,Store_628,Chennai,2580,303
2024-02-04,131,Store_131,Mumbai,287,1216
2024-09-03,143,Store_143,Delhi,4255,2667
2024-04-24,762,Store_762,Hyderabad,2059,1723
2024-05-24,346,Store_346,Delhi,2745,1492
2024-10-09,463,Store_463,Chennai,1977,3006
2024-08-04,192,Store_192,Bengaluru,197,1508
2024-05-22,351,Store_351,Chennai,3243,336
2024-09-15,844,Store_844,Chennai,2866,3904
2024-08-12,741,Store_741,Kolkata,4223,1377
2024-08-27,235,Store_235,Bengaluru,281,2896
2024-03-09,859,Store_859,Bengaluru,2174,150
2024-11-29,581,Store_581,Kolkata,4215,1144
2024-08-28,425,Store_425,Hyderabad,2128,3771
2024-12-04,650,Store_650,Chennai,162,1036
2024-06-17,674,Store_674,Delhi,2562,1798
2024-08-17,852,Store_852,Hyderabad,3756,2416
2024-11-14,817,Store_817,Hyderabad,1074,556
2024-08-27,523,Store_523,Delhi,1912,368
2024-09-04,544,Store_544,Kolkata,2137,3848
2024-11-21,888,Store_888,Pune,4184,2575
2024-03-17,122,Store_122,Pune,177,2264
2024-06-28,495,Store_495,Chennai,2455,2590
2024-02-02,445,Store_445,Hyderabad,2943,482
2024-01-24,453,Store_453,Delhi,4487,2878
2024-09-17,658,Store_658,Pune,1027,675
2024-03-26,876,Store_876,Hyderabad,685,3431
2024-11-02,367,Store_367,Delhi,3887,2867
2024-05-16,336,Store_336,Pune,1559,2864
2024-08-01,761,Store_761,Chennai,2269,2519
2024-05-14,212,Store_212,Bengaluru,97,2161
2024-10-28,668,Store_668,Chennai,1382,223
2024-12-20,336,Store_336,Delhi,508,2526
2024-12-16,442,Store_442,Bengaluru,89,389
2024-01-14,600,Store_600,Hyderabad,2025,821
2024-02-29,664,Store_664,Pune,4802,2994
2024-03-06,273,Store_273,Kolkata,1767,1015
2024-03-11,329,Store_329,Mumbai,1157,1218
2024-02-17,740,Store_740,Bengaluru,2906,3172
2024-01-26,349,Store_349,Chennai,3485,2640
2024-06-04,128,Store_128,Kolkata,2258,385
2024-09-07,703,Store_703,Pune,4381,1659
2024-09-03,746,Store_746,Hyderabad,4833,1092
2024-07-14,834,Store_834,Mumbai,1163,905
2024-11-08,351,Store_351,Mumbai,1790,1443
2024-09-05,343,Store_343,Mumbai,3178,3501
2024-09-11,273,Store_273,Chennai,1410,3022
2024-10-11,194,Store_194,Hyderabad,1660,466
2024-10-30,542,Store_542,Kolkata,4847,1498
2024-06-10,348,Store_348,Hyderabad,3713,3246
2024-01-10,711,Store_711,Bengaluru,103,1341
2024-12-20,323,Store_323,Bengaluru,395,2454
2024-11-14,354,Store_354,Bengaluru,1532,2906
2024-10-21,392,Store_392,Bengaluru,2658,1804
2024-04-19,942,Store_942,Delhi,2032,3618
2024-12-04,768,Store_768,Pune,3395,1627
2024-05-08,870,Store_870,Pune,2897,1751
2024-10-19,126,Store_126,Delhi,1883,2486
2024-12-29,432,Store_432,Delhi,1596,1375
2024-12-09,520,Store_520,Chennai,769,2057
2024-03-28,556,Store_556,Hyderabad,4582,757
2024-03-10,421,Store_421,Mumbai,1174,1522
2024-04-15,705,Store_705,Kolkata,2140,2117
2024-04-07,488,Store_488,Hyderabad,2358,2354
2024-11-20,762,Store_762,Bengaluru,4897,1839
2024-11-19,410,Store_410,Hyderabad,886,3012
2024-12-19,471,Store_471,Bengaluru,3613,163
2024-06-05,287,Store_287,Pune,2680,1138
2024-10-19,699,Store_699,Delhi,1549,1329
2024-12-01,949,Store_949,Delhi,823,2328
2024-03-05,109,Store_109,Pune,1725,3599
2024-06-24,143,Store_143,Pune,4433,3987
2024-08-27,987,Store_987,Pune,2091,3931
2024-06-13,477,Store_477,Delhi,3000,3670
2024-05-16,918,Store_918,Kolkata,771,2007
2024-04-09,193,Store_193,Mumbai,1247,199
2024-07-29,655,Store_655,Delhi,956,3572
2024-09-30,580,Store_580,Mumbai,2866,41
2024-02-12,854,Store_854,Bengaluru,1819,1478
2024-08-22,155,Store_155,Chennai,4025,1312
2024-07-02,593,Store_593,Hyderabad,3244,2460
2024-04-22,370,Store_370,Delhi,2441,2944
2024-11-09,861,Store_861,Hyderabad,4868,409
2024-04-15,619,Store_619,Chennai,2145,966
2024-07-30,967,Store_967,Mumbai,4698,434
2024-06-09,139,Store_139,Chennai,1311,3035
2024-07-30,953,Store_953,Delhi,2165,1182
2024-03-06,892,Store_892,Mumbai,223,3569
2024-10-10,434,Store_434,Pune,4026,1898
2024-09-23,809,Store_809,Pune,2376,1947
2024-11-18,411,Store_411,Hyderabad,2988,2613
2024-10-02,304,Store_304,Bengaluru,3995,36
2024-03-09,723,Store_723,Bengaluru,2644,1327
2024-03-27,705,Store_705,Bengaluru,1509,2826
2024-08-28,379,Store_379,Hyderabad,4869,1127
2024-05-22,257,Store_257,Kolkata,2181,1857
2024-01-23,445,Store_445,Bengaluru,3051,898
2024-12-20,747,Store_747,Kolkata,2632,1786
2024-02-26,988,Store_988,Bengaluru,1708,3532
2024-03-08,492,Store_492,Kolkata,2889,379
2024-11-09,619,Store_619,Chennai,3816,3419
2024-09-06,414,Store_414,Mumbai,1520,753
2024-09-16,545,Store_545,Bengaluru,2415,581
2024-04-03,918,Store_918,Hyderabad,4177,2600
2024-11-03,895,Store_895,Pune,4944,1230
2024-10-21,558,Store_558,Delhi,501,161
2024-04-05,234,Store_234,Chennai,1534,2758
2024-08-06,997,Store_997,Mumbai,1572,3646
2024-07-02,490,Store_490,Delhi,546,1932
2024-06-14,368,Store_368,Delhi,2581,1710
2024-08-01,814,Store_814,Kolkata,2394,2466
2024-07-31,742,Store_742,Hyderabad,4039,3204
2024-01-15,514,Store_514,Kolkata,844,1890
2024-05-09,102,Store_102,Chennai,618,2249
2024-01-26,491,Store_491,Bengaluru,3771,2096
2024-01-10,462,Store_462,Chennai,1121,3333
2024-04-04,313,Store_313,Chennai,4426,1982
2024-09-12,178,Store_178,Bengaluru,460,1568
2024-01-08,694,Store_694,Pune,1200,3728
2024-01-13,658,Store_658,Hyderabad,1100,100
2024-04-17,616,Store_616,Pune,1989,329
2024-11-22,489,Store_489,Mumbai,1795,2885
2024-05-11,970,Store_970,Chennai,4143,2455
2024-09-16,266,Store_266,Mumbai,2937,711
2024-08-17,659,Store_659,Mumbai,3366,3404
2024-06-12,534,Store_534,Chennai,194,3579
2024-03-14,534,Store_534,Kolkata,4451,2597
2024-12-01,658,Store_658,Bengaluru,2219,3004
2024-11-19,644,Store_644,Hyderabad,4614,1720
2024-06-01,300,Store_300,Kolkata,497,3870
2024-07-01,650,Store_650,Chennai,875,3375
2024-07-19,780,Store_780,Chennai,4593,3455
2024-12-29,258,Store_258,Bengaluru,2426,1895
2024-06-03,467,Store_467,Bengaluru,4456,2955
2024-12-20,192,Store_192,Delhi,772,2124
2024-01-15,847,Store_847,Hyderabad,3913,1578
2024-01-21,933,Store_933,Mumbai,2641,556
2024-08-04,419,Store_419,Pune,1917,1156
2024-03-18,911,Store_911,Kolkata,3785,3719
2024-05-30,832,Store_832,Pune,278,2928
2024-04-30,981,Store_981,Mumbai,1542,2483
2024-05-24,858,Store_858,Bengaluru,4406,3246
2024-08-06,366,Store_366,Bengaluru,875,1601
2024-11-28,165,Store_165,Pune,3326,2504
2024-03-13,430,Store_430,Chennai,814,1291
2024-03-15,184,Store_184,Bengaluru,882,3847
2024-03-02,695,Store_695,Hyderabad,2389,1581
2024-11-03,655,Store_655,Kolkata,3628,1145
2024-02-25,606,Store_606,Delhi,1027,674
2024-11-19,341,Store_341,Mumbai,3373,2158
2024-02-16,742,Store_742,Kolkata,4324,2698
2024-09-30,731,Store_731,Bengaluru,4549,1715
2024-04-05,110,Store_110,Pune,277,1167
2024-10-21,381,Store_381,Kolkata,4748,3236
2024-01-11,512,Store_512,Pune,2251,887
2024-05-28,302,Store_302,Bengaluru,2471,1492
2024-10-02,572,Store_572,Kolkata,1518,47
2024-07-18,451,Store_451,Bengaluru,1575,2357
2024-05-02,376,Store_376,Pune,2010,3305
2024-07-10,958,Store_958,Chennai,326,1725
2024-06-25,659,Store_659,Bengaluru,1271,2377
2024-08-28,752,Store_752,Mumbai,4655,2461
2024-12-30,370,Store_370,Mumbai,1529,992
2024-07-08,139,Store_139,Bengaluru,1880,385
2024-10-24,121,Store_121,Chennai,3483,1054
2024-10-08,617,Store_617,Delhi,1857,2611
2024-12-24,191,Store_191,Delhi,1685,2710
2024-09-12,620,Store_620,Pune,310,666
2024-09-07,758,Store_758,Mumbai,1586,2714
2024-03-01,277,Store_277,Delhi,1903,1345
2024-05-13,456,Store_456,Chennai,1857,1748
2024-11-19,289,Store_289,Hyderabad,668,215
2024-07-30,608,Store_608,Bengaluru,3092,180
2024-09-13,258,Store_258,Kolkata,2303,3210
2024-01-25,189,Store_189,Delhi,1692,38
2024-01-04,443,Store_443,Mumbai,1048,162
2024-08-29,123,Store_123,Delhi,4331,316
2024-08-30,492,Store_492,Pune,4351,1816
2024-03-03,396,Store_396,Chennai,2649,1337
2024-09-11,131,Store_131,Bengaluru,4799,3412
2024-12-25,704,Store_704,Bengaluru,2597,1874
2024-07-24,644,Store_644,Delhi,2770,3053
2024-03-16,179,Store_179,Hyderabad,2598,1784
2024-10-05,658,Store_658,Bengaluru,4329,2820
2024-01-03,376,Store_376,Hyderabad,1471,1328
2024-04-06,482,Store_482,Chennai,1736,496
2024-01-03,776,Store_776,Pune,4292,1189
2024-04-12,958,Store_958,Hyderabad,4616,1448
2024-07-21,211,Store_211,Chennai,4469,3244
2024-04-06,751,Store_751,Pune,2957,1203
2024-10-30,123,Store_123,Delhi,3347,1115
2024-05-15,831,Store_831,Kolkata,2592,1607
2024-05-21,117,Store_117,Mumbai,4008,1951
2024-03-15,632,Store_632,Chennai,1613,543
2024-02-26,672,Store_672,Kolkata,3518,2855
2024-12-21,698,Store_698,Bengaluru,2136,3704
2024-10-21,740,Store_740,Delhi,3655,620
2024-09-08,363,Store_363,Pune,3815,1786
2024-01-30,860,Store_860,Chennai,2876,1149
2024-01-21,183,Store_183,Chennai,135,2197
2024-12-23,597,Store_597,Pune,2778,260
2024-07-05,314,Store_314,Delhi,2716,2575
2024-08-06,785,Store_785,Bengaluru,3072,231
2024-12-08,171,Store_171,Chennai,80,541
2024-06-30,393,Store_393,Bengaluru,4664,1085
2024-12-12,503,Store_503,Chennai,1226,3604
2024-11-13,943,Store_943,Pune,1182,2844
2024-05-02,142,Store_142,Kolkata,887,2705
2024-12-18,323,Store_323,Chennai,4905,344
2024-02-09,828,Store_828,Kolkata,3681,3925
2024-06-30,331,Store_331,Pune,639,2157
2024-05-23,376,Store_376,Kolkata,3135,3371
2024-06-22,318,Store_318,Kolkata,3257,2738
2024-09-26,945,Store_945,Kolkata,2769,1853
2024-01-02,421,Store_421,Delhi,3154,1472
2024-11-10,909,Store_909,Chennai,1272,2869
2024-07-22,966,Store_966,Chennai,4267,1087
2024-12-25,110,Store_110,Hyderabad,708,686
2024-02-04,624,Store_624,Delhi,190,2900
2024-06-10,304,Store_304,Pune,1620,3193
2024-07-09,876,Store_876,Mumbai,590,3324
2024-01-19,716,Store_716,Pune,2199,1202
2024-09-01,395,Store_395,Mumbai,612,2596
2024-03-31,474,Store_474,Delhi,4067,1690
2024-09-22,694,Store_694,Kolkata,4707,1606
2024-09-07,712,Store_712,Pune,1893,3207
2024-09-10,148,Store_148,Delhi,3207,1062
2024-04-18,805,Store_805,Hyderabad,4040,3449
2024-02-23,819,Store_819,Chennai,1369,1497
2024-09-29,224,Store_224,Chennai,772,1431
2024-12-22,209,Store_209,Pune,3724,2248
2024-11-04,138,Store_138,Kolkata,2969,1464
2024-02-10,653,Store_653,Delhi,1744,101
2024-04-06,404,Store_404,Pune,740,893
2024-08-21,781,Store_781,Chennai,3158,1010
2024-05-29,128,Store_128,Hyderabad,3897,3222
2024-11-14,962,Store_962,Bengaluru,1697,531
2024-04-23,996,Store_996,Pune,2735,2597
2024-01-18,197,Store_197,Chennai,2519,2317
2024-05-21,752,Store_752,Delhi,2104,1475
2024-03-14,502,Store_502,Chennai,662,954
2024-02-23,638,Store_638,Bengaluru,326,2656
2024-05-10,827,Store_827,Delhi,3833,874
2024-04-24,394,Store_394,Chennai,3665,3714
2024-05-02,571,Store_571,Delhi,4852,488
2024-08-23,598,Store_598,Bengaluru,875,1104
2024-05-30,687,Store_687,Pune,3205,2679
2024-11-25,190,Store_190,Delhi,1830,2832
2024-07-29,664,Store_664,Chennai,3143,3321
2024-07-17,571,Store_571,Delhi,4681,1363
2024-10-18,391,Store_391,Kolkata,915,1462
2024-03-29,856,Store_856,Chennai,1204,2722
2024-04-11,481,Store_481,Kolkata,4259,817
2024-11-07,765,Store_765,Bengaluru,340,2756
2024-10-22,335,Store_335,Mumbai,2181,2906
2024-10-14,622,Store_622,Mumbai,1455,1015
2024-02-03,433,Store_433,Hyderabad,959,1086
2024-02-07,609,Store_609,Chennai,4008,196
2024-06-19,958,Store_958,Chennai,1262,1348
2024-06-28,895,Store_895,Hyderabad,4397,2124
2024-10-21,477,Store_477,Chennai,266,872
2024-03-09,355,Store_355,Chennai,1889,1436
2024-07-11,981,Store_981,Mumbai,4061,1322
2024-05-18,379,Store_379,Bengaluru,2025,1514
2024-05-12,517,Store_517,Chennai,224,1596
2024-12-02,955,Store_955,Chennai,785,629
2024-02-06,692,Store_692,Bengaluru,764,50
2024-03-03,425,Store_425,Hyderabad,1652,2806
2024-01-14,428,Store_428,Hyderabad,2013,2663
2024-02-14,721,Store_721,Mumbai,1600,470
2024-04-06,723,Store_723,Delhi,2094,3495
2024-08-17,746,Store_746,Bengaluru,659,2523
2024-10-29,569,Store_569,Mumbai,4547,3837
2024-09-17,199,Store_199,Chennai,1600,858
2024-09-15,358,Store_358,Pune,612,1296
2024-07-20,235,Store_235,Mumbai,1856,1067
2024-12-12,347,Store_347,Kolkata,4887,809
2024-05-17,383,Store_383,Bengaluru,4617,627
2024-03-02,717,Store_717,Pune,2470,1639
2024-08-01,291,Store_291,Delhi,4408,3681
2024-03-26,907,Store_907,Kolkata,1977,897
2024-12-10,361,Store_361,Kolkata,1996,3661
2024-06-25,158,Store_158,Mumbai,2612,1580
2024-09-17,505,Store_505,Mumbai,1205,451
2024-11-13,703,Store_703,Delhi,1227,2849
2024-01-27,241,Store_241,Mumbai,2586,687
2024-10-25,932,Store_932,Kolkata,3481,2862
2024-04-12,303,Store_303,Kolkata,181,2454
2024-08-24,449,Store_449,Bengaluru,2202,84
2024-12-07,898,Store_898,Bengaluru,1707,3938
2024-06-30,950,Store_950,Delhi,326,960
2024-10-22,902,Store_902,Delhi,3388,1758
2024-10-01,313,Store_313,Pune,2045,588
2024-02-05,573,Store_573,Bengaluru,3048,1682
2024-01-05,345,Store_345,Kolkata,633,3152
2024-03-15,565,Store_565,Delhi,829,2557
2024-12-21,670,Store_670,Mumbai,272,3492
2024-12-02,823,Store_823,Bengaluru,3703,1814
2024-09-23,354,Store_354,Chennai,1676,1629
2024-11-12,601,Store_601,Hyderabad,164,3865
2024-01-28,135,Store_135,Mumbai,4352,3302
2024-02-27,661,Store_661,Delhi,3612,3018
2024-11-16,986,Store_986,Hyderabad,1915,3766
2024-09-17,859,Store_859,Delhi,3264,533
2024-07-29,787,Store_787,Kolkata,4110,709
2024-11-01,892,Store_892,Hyderabad,1080,1452
2024-11-25,226,Store_226,Bengaluru,715,3591
2024-01-10,735,Store_735,Mumbai,3768,2101
2024-01-07,356,Store_356,Pune,447,877
2024-09-19,799,Store_799,Mumbai,3113,2757
2024-08-14,516,Store_516,Kolkata,636,830
2024-10-01,568,Store_568,Delhi,227,1331
2024-02-09,200,Store_200,Pune,4593,2237
2024-09-29,856,Store_856,Delhi,3981,1453
2024-05-27,908,Store_908,Delhi,3652,581
2024-09-17,675,Store_675,Bengaluru,2965,2432
2024-03-15,376,Store_376,Mumbai,143,3874
2024-01-24,192,Store_192,Bengaluru,2641,2067
2024-05-08,365,Store_365,Hyderabad,4795,3978
2024-11-20,173,Store_173,Chennai,1217,2222
2024-12-08,467,Store_467,Pune,1239,772
2024-04-05,150,Store_150,Chennai,2447,997
2024-01-28,496,Store_496,Chennai,1214,1637
2024-11-19,260,Store_260,Chennai,1122,978
2024-03-14,940,Store_940,Chennai,3472,489
2024-09-27,663,Store_663,Chennai,1507,2985
2024-09-16,942,Store_942,Hyderabad,4396,732
2024-11-16,425,Store_425,Hyderabad,1806,2386
2024-09-25,574,Store_574,Mumbai,1399,2267
2024-09-01,875,Store_875,Hyderabad,340,2627
2024-05-04,764,Store_764,Delhi,4642,2124
2024-01-24,769,Store_769,Chennai,2818,2152
2024-04-08,823,Store_823,Chennai,3958,2164
2024-12-06,753,Store_753,Mumbai,1395,40
2024-01-08,550,Store_550,Hyderabad,3925,1006
2024-06-06,692,Store_692,Kolkata,736,1892
2024-11-30,285,Store_285,Delhi,2023,1951
2024-01-09,682,Store_682,Mumbai,4558,2258
2024-05-20,688,Store_688,Kolkata,2258,45
2024-05-05,184,Store_184,Delhi,1638,2530
2024-04-28,688,Store_688,Hyderabad,4458,3080
2024-06-01,333,Store_333,Chennai,2544,274
2024-06-29,678,Store_678,Pune,611,2060
2024-01-22,595,Store_595,Pune,2365,1412
2024-10-24,277,Store_277,Chennai,2631,3415
2024-05-13,161,Store_161,Mumbai,1089,1732
2024-09-07,277,Store_277,Chennai,2660,212
2024-09-04,244,Store_244,Kolkata,1484,2317
2024-08-21,414,Store_414,Kolkata,2818,323
2024-11-04,704,Store_704,Kolkata,1049,3985
2024-02-17,293,Store_293,Delhi,4551,1395
2024-11-23,300,Store_300,Pune,3435,240
2024-03-24,760,Store_760,Hyderabad,3246,1901
2024-08-01,546,Store_546,Kolkata,4688,836
2024-09-17,543,Store_543,Bengaluru,2933,2130
2024-11-16,817,Store_817,Hyderabad,2943,1930
2024-06-07,370,Store_370,Pune,2345,3491
2024-04-17,795,Store_795,Pune,2376,3569
2024-09-18,806,Store_806,Mumbai,1517,79
2024-11-14,560,Store_560,Mumbai,1561,3648
2024-06-30,684,Store_684,Chennai,4359,360
2024-06-16,848,Store_848,Delhi,267,2075
2024-02-19,470,Store_470,Mumbai,824,249
2024-03-16,933,Store_933,Kolkata,133,662
2024-12-21,893,Store_893,Chennai,3076,851
2024-04-16,474,Store_474,Bengaluru,4474,2319
2024-02-20,516,Store_516,Hyderabad,1383,3100
2024-05-05,711,Store_711,Hyderabad,2240,3054
2024-08-26,871,Store_871,Bengaluru,3838,1262
2024-03-19,996,Store_996,Bengaluru,3419,2097
2024-09-04,573,Store_573,Bengaluru,923,2886
2024-06-30,756,Store_756,Delhi,3556,3208
2024-02-12,509,Store_509,Chennai,1581,3013
2024-03-09,268,Store_268,Pune,4909,3656
2024-10-22,552,Store_552,Mumbai,2187,3592
2024-11-07,106,Store_106,Delhi,723,312
2024-12-15,407,Store_407,Mumbai,3319,3841
2024-01-25,332,Store_332,Kolkata,1434,3577
2024-12-15,441,Store_441,Bengaluru,3754,3431
2024-07-11,895,Store_895,Pune,252,1771
2024-09-02,831,Store_831,Kolkata,3367,1132
2024-07-26,570,Store_570,Kolkata,261,692
2024-12-27,949,Store_949,Pune,4758,1696
2024-03-08,912,Store_912,Chennai,970,3096
2024-05-20,699,Store_699,Kolkata,2287,976
2024-03-12,533,Store_533,Bengaluru,354,2120
2024-05-23,871,Store_871,Kolkata,335,1281
2024-06-22,809,Store_809,Mumbai,2314,2653
2024-04-04,188,Store_188,Delhi,3887,2126
2024-02-04,934,Store_934,Bengaluru,1172,1749
2024-09-21,821,Store_821,Bengaluru,2120,1277
2024-01-22,978,Store_978,Bengaluru,2843,1679
2024-10-17,596,Store_596,Chennai,797,2348
2024-05-20,228,Store_228,Bengaluru,1758,3915
2024-09-07,479,Store_479,Chennai,198,2412
2024-03-25,929,Store_929,Mumbai,4274,1853
2024-07-10,209,Store_209,Hyderabad,3650,3272
2024-02-14,521,Store_521,Chennai,1954,3685
2024-07-04,426,Store_426,Pune,3761,927
2024-11-29,752,Store_752,Delhi,1388,1755
2024-06-13,481,Store_481,Kolkata,194,1680
2024-05-23,838,Store_838,Chennai,2184,3237
2024-12-29,586,Store_586,Pune,1289,3370
2024-07-17,214,Store_214,Chennai,4555,2096
2024-09-02,224,Store_224,Kolkata,4362,636
2024-02-09,501,Store_501,Hyderabad,2149,92
2024-07-25,863,Store_863,Mumbai,80,2876
2024-09-25,982,Store_982,Mumbai,1572,901
2024-02-29,184,Store_184,Mumbai,1750,817
2024-06-09,102,Store_102,Chennai,717,691
2024-07-25,345,Store_345,Pune,2699,1309
2024-01-11,519,Store_519,Mumbai,4561,1720
2024-08-04,820,Store_820,Pune,4702,913
2024-07-09,148,Store_148,Pune,4364,1020
2024-11-10,537,Store_537,Delhi,2926,283
2024-08-07,320,Store_320,Mumbai,3350,3221
2024-11-23,669,Store_669,Mumbai,879,1337
2024-11-28,358,Store_358,Bengaluru,4500,1373
2024-07-11,458,Store_458,Chennai,3207,566
2024-05-08,917,Store_917,Mumbai,2403,3739
2024-01-18,867,Store_867,Hyderabad,2879,1893
2024-11-22,576,Store_576,Mumbai,2270,305
2024-10-16,743,Store_743,Bengaluru,2851,407
2024-04-15,561,Store_561,Chennai,2940,2431
2024-10-30,237,Store_237,Pune,1931,1570
2024-04-25,221,Store_221,Chennai,4443,2468
2024-09-09,385,Store_385,Hyderabad,4097,318
2024-04-25,936,Store_936,Chennai,467,417
2024-08-31,754,Store_754,Delhi,4934,1521
2024-11-30,665,Store_665,Kolkata,3456,3816
2024-05-02,680,Store_680,Delhi,1822,1328
2024-06-23,203,Store_203,Bengaluru,2868,2783
2024-02-05,818,Store_818,Bengaluru,151,30
2024-01-27,178,Store_178,Pune,1362,3336
2024-12-01,393,Store_393,Kolkata,214,3956
2024-01-30,582,Store_582,Pune,888,2642
2024-06-06,826,Store_826,Kolkata,3849,1933
2024-10-06,281,Store_281,Mumbai,79,2805
2024-05-28,305,Store_305,Mumbai,4710,3824
2024-03-31,351,Store_351,Bengaluru,3871,2647
2024-05-20,885,Store_885,Hyderabad,4741,2078
2024-11-22,876,Store_876,Mumbai,1923,1510
2024-11-07,767,Store_767,Kolkata,3684,2173
2024-10-11,860,Store_860,Mumbai,4247,3888
2024-10-27,425,Store_425,Chennai,3119,1097
2024-12-26,438,Store_438,Mumbai,2530,3850
2024-02-25,632,Store_632,Chennai,728,3928
2024-12-21,100,Store_100,Bengaluru,2103,1772
2024-03-31,375,Store_375,Bengaluru,4765,1293
2024-11-18,165,Store_165,Chennai,4310,867
2024-03-29,655,Store_655,Mumbai,949,1472
2024-02-19,291,Store_291,Delhi,3898,3228
2024-12-18,210,Store_210,Bengaluru,2336,1839
2024-02-07,677,Store_677,Chennai,4402,3565
2024-02-16,116,Store_116,Chennai,3202,2356
2024-06-27,544,Store_544,Mumbai,324,419
2024-09-13,508,Store_508,Bengaluru,2404,3133
2024-02-05,237,Store_237,Pune,4754,3575
2024-07-20,186,Store_186,Hyderabad,1700,3706
2024-02-14,931,Store_931,Mumbai,1201,3246
2024-08-26,578,Store_578,Delhi,4946,1904
2024-09-07,532,Store_532,Hyderabad,2058,1160
2024-07-22,436,Store_436,Hyderabad,1406,344
2024-05-23,911,Store_911,Delhi,439,2429
2024-12-10,668,Store_668,Kolkata,159,3108
2024-11-18,640,Store_640,Delhi,2857,1269
2024-01-10,119,Store_119,Pune,1750,3011
2024-06-30,351,Store_351,Bengaluru,1264,3779
2024-02-14,381,Store_381,Bengaluru,862,2456
2024-11-07,583,Store_583,Mumbai,723,3213
2024-04-09,815,Store_815,Kolkata,165,3194
2024-01-31,737,Store_737,Chennai,644,1409
2024-06-19,533,Store_533,Kolkata,90,2552
2024-05-19,154,Store_154,Pune,3178,3756
2024-03-22,397,Store_397,Mumbai,2497,2383
2024-04-30,737,Store_737,Bengaluru,4019,2823
2024-07-18,935,Store_935,Mumbai,4690,2356
2024-02-12,417,Store_417,Hyderabad,2128,3413
2024-05-19,939,Store_939,Hyderabad,3338,916
2024-01-19,523,Store_523,Mumbai,3101,3436
2024-12-01,230,Store_230,Kolkata,912,631
2024-08-18,319,Store_319,Kolkata,3089,1141
2024-05-20,309,Store_309,Kolkata,1766,1119
2024-12-02,461,Store_461,Chennai,433,1648
2024-10-22,895,Store_895,Pune,1965,650
2024-10-11,375,Store_375,Delhi,1642,26
2024-04-27,231,Store_231,Mumbai,1753,2830
2024-04-28,801,Store_801,Kolkata,189,991
2024-11-18,795,Store_795,Chennai,2307,747
2024-11-24,444,Store_444,Pune,3794,3049
2024-09-22,467,Store_467,Chennai,4145,1842
2024-09-07,522,Store_522,Hyderabad,4997,1676
2024-10-28,868,Store_868,Mumbai,703,986
2024-11-13,983,Store_983,Kolkata,4986,120
2024-11-03,325,Store_325,Mumbai,595,1844
2024-12-16,384,Store_384,Chennai,455,2882
2024-01-12,817,Store_817,Hyderabad,2761,2617
2024-07-08,861,Store_861,Mumbai,3645,805
2024-10-17,470,Store_470,Chennai,1624,2912
2024-05-01,821,Store_821,Delhi,3136,2039
2024-12-30,548,Store_548,Bengaluru,767,3984
2024-09-05,219,Store_219,Delhi,1138,2452
2024-08-07,148,Store_148,Mumbai,1373,154
2024-11-02,126,Store_126,Chennai,3784,602
2024-09-05,546,Store_546,Bengaluru,2062,3459
2024-06-28,296,Store_296,Kolkata,2334,2018
2024-08-04,411,Store_411,Kolkata,4183,1175
2024-06-03,619,Store_619,Mumbai,2130,432
2024-03-05,411,Store_411,Mumbai,3686,903
2024-02-25,123,Store_123,Delhi,4086,101
2024-10-24,479,Store_479,Kolkata,1072,3904
2024-12-12,109,Store_109,Hyderabad,3745,3593
2024-12-15,463,Store_463,Mumbai,176,3884
2024-11-20,221,Store_221,Bengaluru,2038,459
2024-08-08,286,Store_286,Chennai,4529,2990
2024-02-10,958,Store_958,Mumbai,3717,2495
2024-06-05,767,Store_767,Chennai,2811,2089
2024-09-22,703,Store_703,Chennai,3467,35
2024-11-17,434,Store_434,Pune,1930,3717
2024-03-31,240,Store_240,Pune,3193,999
2024-03-18,682,Store_682,Chennai,3337,3194
2024-02-12,997,Store_997,Mumbai,2610,2387
2024-05-06,871,Store_871,Bengaluru,3289,3030
2024-05-21,184,Store_184,Chennai,2910,1930
2024-08-27,833,Store_833,Mumbai,969,1046
2024-12-16,835,Store_835,Pune,3347,2039
2024-04-18,737,Store_737,Chennai,2264,3208
2024-11-16,516,Store_516,Kolkata,478,3618
2024-04-28,778,Store_778,Bengaluru,393,2671
2024-09-07,116,Store_116,Kolkata,3544,2732
2024-02-03,305,Store_305,Hyderabad,2086,2127
2024-12-14,560,Store_560,Mumbai,3944,882
2024-07-11,719,Store_719,Delhi,3918,3606
2024-06-05,700,Store_700,Kolkata,4089,2798
2024-09-16,114,Store_114,Pune,3521,2671
2024-08-22,178,Store_178,Hyderabad,3886,599
2024-06-04,203,Store_203,Bengaluru,4883,1247
2024-03-12,412,Store_412,Mumbai,4383,2020
2024-04-14,568,Store_568,Hyderabad,4142,3373
2024-12-24,908,Store_908,Mumbai,2043,2510
2024-08-07,551,Store_551,Kolkata,3663,1253
2024-01-24,327,Store_327,Chennai,3283,3880
2024-02-27,365,Store_365,Delhi,191,3198
2024-11-18,149,Store_149,Bengaluru,3677,3610
2024-08-17,117,Store_117,Hyderabad,1622,1750
2024-01-25,755,Store_755,Hyderabad,122,3614
2024-04-21,201,Store_201,Mumbai,3075,3617
2024-07-08,439,Store_439,Hyderabad,2876,632
2024-02-19,619,Store_619,Mumbai,4221,3901
2024-02-21,832,Store_832,Bengaluru,632,3989
2024-10-12,178,Store_178,Mumbai,1740,3484
2024-08-23,476,Store_476,Pune,1537,1257
2024-09-08,743,Store_743,Pune,4500,1008
2024-03-15,778,Store_778,Kolkata,3668,2598
2024-11-16,853,Store_853,Mumbai,4410,1787
2024-10-04,597,Store_597,Chennai,2868,500
2024-06-15,675,Store_675,Pune,1606,3498
2024-08-20,195,Store_195,Chennai,3480,3034
2024-07-18,285,Store_285,Hyderabad,358,1602
2024-05-19,944,Store_944,Pune,736,3819
2024-08-05,324,Store_324,Delhi,4346,333
2024-06-19,538,Store_538,Kolkata,4815,195
2024-04-24,503,Store_503,Mumbai,2976,664
2024-10-22,987,Store_987,Hyderabad,2474,3426
2024-07-26,546,Store_546,Delhi,4966,68
2024-07-29,310,Store_310,Pune,4172,2439
2024-10-17,324,Store_324,Pune,3960,32
2024-10-01,582,Store_582,Pune,329,1706
2024-01-31,632,Store_632,Chennai,259,2441
2024-05-20,792,Store_792,Mumbai,3090,2177
2024-09-10,495,Store_495,Pune,4121,2298
2024-09-02,912,Store_912,Hyderabad,1919,1990
2024-02-14,824,Store_824,Mumbai,4780,3700
2024-02-22,628,Store_628,Mumbai,4834,3578
2024-11-10,486,Store_486,Hyderabad,1789,341
2024-02-09,346,Store_346,Pune,3273,585
2024-05-04,989,Store_989,Hyderabad,2587,934
2024-07-20,278,Store_278,Chennai,1946,576
2024-02-07,716,Store_716,Hyderabad,3862,2640
2024-11-15,272,Store_272,Hyderabad,905,3722
2024-04-26,323,Store_323,Mumbai,1867,3427
2024-11-26,379,Store_379,Delhi,2649,3112
2024-03-13,811,Store_811,Kolkata,1296,1684
2024-11-06,679,Store_679,Chennai,469,2519
2024-01-06,434,Store_434,Kolkata,2768,1390
2024-04-06,707,Store_707,Pune,2874,633
2024-04-08,946,Store_946,Pune,2758,3262
2024-07-02,771,Store_771,Pune,1066,3832
2024-10-22,485,Store_485,Delhi,3319,399
2024-03-03,810,Store_810,Chennai,3336,1295
2024-04-28,844,Store_844,Mumbai,780,849
2024-05-05,794,Store_794,Pune,3530,1576
2024-04-23,705,Store_705,Mumbai,3824,1330
2024-03-09,168,Store_168,Pune,1621,3423
2024-08-10,888,Store_888,Chennai,2766,142
2024-05-05,449,Store_449,Kolkata,2838,719
2024-06-16,649,Store_649,Hyderabad,404,2961
2024-12-16,381,Store_381,Hyderabad,2739,278
2024-04-29,171,Store_171,Delhi,4299,3493
2024-04-17,275,Store_275,Delhi,2492,2687
2024-12-12,532,Store_532,Hyderabad,4640,3471
2024-03-01,303,Store_303,Mumbai,3712,663
2024-10-27,751,Store_751,Pune,725,2163
2024-12-23,912,Store_912,Chennai,2246,3428
2024-01-28,706,Store_706,Bengaluru,1028,567
2024-03-25,654,Store_654,Delhi,3009,1554
2024-05-02,457,Store_457,Hyderabad,453,1941
2024-10-20,641,Store_641,Delhi,2728,1602
2024-07-31,323,Store_323,Kolkata,4410,2469
2024-02-22,295,Store_295,Bengaluru,1141,166
2024-09-29,263,Store_263,Delhi,2441,1555
2024-05-19,825,Store_825,Delhi,2144,2769
2024-06-11,312,Store_312,Chennai,1545,130
2024-10-11,230,Store_230,Hyderabad,3586,2269
2024-07-24,347,Store_347,Delhi,448,1193
2024-05-06,119,Store_119,Bengaluru,523,3174
2024-04-20,809,Store_809,Kolkata,3315,3223
2024-04-10,848,Store_848,Mumbai,514,3063
2024-10-03,786,Store_786,Mumbai,2747,1089
2024-01-28,818,Store_818,Hyderabad,1399,1442
2024-02-24,611,Store_611,Kolkata,1772,3318
2024-06-03,291,Store_291,Bengaluru,2383,204
2024-07-23,304,Store_304,Kolkata,523,1893
2024-07-08,895,Store_895,Pune,995,476
2024-10-19,918,Store_918,Hyderabad,1481,2520
2024-04-21,683,Store_683,Chennai,4768,3985
2024-09-17,357,Store_357,Chennai,3849,739
2024-10-02,944,Store_944,Hyderabad,2415,2800
2024-12-16,347,Store_347,Mumbai,4684,397
2024-05-09,747,Store_747,Hyderabad,3044,426
2024-12-19,628,Store_628,Kolkata,1514,45
2024-06-22,817,Store_817,Chennai,85,3221
2024-01-16,907,Store_907,Delhi,191,1851
2024-09-13,222,Store_222,Kolkata,3036,180
2024-12-01,683,Store_683,Delhi,1583,3782
2024-03-29,209,Store_209,Mumbai,1993,3142
2024-07-14,341,Store_341,Delhi,2783,2234
2024-09-15,884,Store_884,Chennai,3568,1369
2024-01-12,618,Store_618,Hyderabad,3142,924
2024-07-10,429,Store_429,Delhi,2193,1825
2024-11-26,676,Store_676,Bengaluru,2085,3878
2024-02-03,721,Store_721,Delhi,2372,594
2024-04-20,314,Store_314,Mumbai,826,908
2024-04-15,704,Store_704,Hyderabad,206,211
2024-04-13,336,Store_336,Hyderabad,2082,852
2024-07-30,480,Store_480,Delhi,983,1445
2024-06-17,366,Store_366,Kolkata,721,2946
2024-05-22,738,Store_738,Mumbai,779,2633
2024-05-13,101,Store_101,Kolkata,1309,630
2024-11-26,456,Store_456,Delhi,950,975
2024-02-21,110,Store_110,Pune,2415,705
2024-12-11,888,Store_888,Delhi,1643,3369
2024-07-06,827,Store_827,Pune,2439,2775
2024-05-30,238,Store_238,Hyderabad,1142,1441
2024-05-31,170,Store_170,Delhi,2711,3210
2024-09-06,727,Store_727,Chennai,4231,617
2024-01-19,681,Store_681,Kolkata,241,39
2024-09-24,863,Store_863,Bengaluru,2262,1104
2024-10-04,310,Store_310,Chennai,2057,341
2024-11-23,557,Store_557,Kolkata,2274,270
2024-10-24,133,Store_133,Delhi,332,2521
2024-10-21,388,Store_388,Chennai,747,2355
2024-04-12,193,Store_193,Mumbai,186,760
2024-05-15,273,Store_273,Bengaluru,2752,1902
2024-09-15,786,Store_786,Pune,4030,1421
2024-04-01,267,Store_267,Pune,199,2824
2024-12-15,160,Store_160,Pune,825,2023
2024-11-04,850,Store_850,Bengaluru,823,3667
2024-01-30,500,Store_500,Pune,863,791
2024-03-21,885,Store_885,Mumbai,2093,889
2024-12-10,216,Store_216,Mumbai,2595,3491
2024-02-03,340,Store_340,Pune,1555,497
2024-11-06,441,Store_441,Chennai,3023,3875
2024-11-03,297,Store_297,Delhi,2705,3600
2024-05-17,333,Store_333,Chennai,399,2233
2024-11-05,657,Store_657,Chennai,899,247
2024-11-06,495,Store_495,Bengaluru,4494,2673
2024-06-25,663,Store_663,Kolkata,4362,2695
2024-02-09,593,Store_593,Bengaluru,1535,1930
2024-01-14,816,Store_816,Chennai,129,1602
2024-11-06,212,Store_212,Kolkata,649,3105
2024-05-26,180,Store_180,Mumbai,2652,2776
2024-05-23,565,Store_565,Delhi,4975,2921
2024-09-04,708,Store_708,Bengaluru,2106,60
2024-06-05,437,Store_437,Kolkata,3947,233
2024-06-23,907,Store_907,Chennai,2939,702
2024-02-24,194,Store_194,Pune,4611,3076
2024-11-19,127,Store_127,Mumbai,3994,3755
2024-03-26,711,Store_711,Hyderabad,4969,957
2024-10-30,511,Store_511,Pune,3432,3342
2024-04-01,573,Store_573,Mumbai,3275,1804
2024-07-08,137,Store_137,Hyderabad,2240,1497
2024-11-14,651,Store_651,Kolkata,2046,2110
2024-04-14,292,Store_292,Bengaluru,4153,3879
2024-03-13,100,Store_100,Hyderabad,1882,3130
2024-06-25,812,Store_812,Pune,3337,578
2024-04-27,108,Store_108,Kolkata,3924,3167
2024-07-31,174,Store_174,Mumbai,3411,3464
2024-11-05,424,Store_424,Chennai,181,2271
2024-12-15,502,Store_502,Hyderabad,680,319
2024-07-15,328,Store_328,Delhi,616,2669
2024-10-07,592,Store_592,Mumbai,3936,1512
2024-04-16,600,Store_600,Delhi,4571,3093
2024-06-20,594,Store_594,Mumbai,2709,105
2024-09-21,921,Store_921,Kolkata,530,3464
2024-04-17,736,Store_736,Chennai,3876,212
2024-04-18,397,Store_397,Kolkata,3746,228
2024-03-03,649,Store_649,Bengaluru,1474,1176
2024-12-26,927,Store_927,Pune,1960,180
2024-12-04,564,Store_564,Bengaluru,4778,1683
2024-10-29,167,Store_167,Bengaluru,3414,1808
2024-02-25,719,Store_719,Pune,4767,3094
2024-07-31,373,Store_373,Mumbai,1351,3563
2024-08-31,820,Store_820,Mumbai,3416,1157
2024-03-09,476,Store_476,Bengaluru,4916,2427
2024-12-24,176,Store_176,Bengaluru,2728,1805
2024-02-29,986,Store_986,Bengaluru,556,1925
2024-03-17,844,Store_844,Pune,2457,1827
2024-01-08,477,Store_477,Kolkata,2160,1963
2024-02-20,925,Store_925,Bengaluru,3967,676
2024-06-15,961,Store_961,Bengaluru,2516,3507
2024-02-13,195,Store_195,Bengaluru,4131,1629
2024-01-05,872,Store_872,Delhi,111,191
2024-07-18,604,Store_604,Pune,3561,962
2024-09-03,568,Store_568,Hyderabad,4798,763
2024-08-26,447,Store_447,Hyderabad,2639,3957
2024-04-04,374,Store_374,Pune,4880,2330
2024-10-18,833,Store_833,Hyderabad,2180,1370
2024-08-25,125,Store_125,Mumbai,3950,782
2024-03-12,743,Store_743,Mumbai,436,1602
2024-08-25,753,Store_753,Hyderabad,4427,3416
2024-02-12,905,Store_905,Kolkata,2873,2835
2024-08-03,721,Store_721,Pune,2320,3425
2024-07-19,352,Store_352,Pune,128,3763
2024-05-09,876,Store_876,Bengaluru,105,425
2024-07-23,337,Store_337,Mumbai,1517,99
2024-03-25,630,Store_630,Delhi,4589,529
2024-04-14,971,Store_971,Pune,3747,1643
2024-07-18,448,Store_448,Delhi,383,3919
2024-02-26,252,Store_252,Bengaluru,3855,2909
2024-05-10,428,Store_428,Chennai,3298,422
2024-04-07,910,Store_910,Chennai,3578,799
2024-07-29,613,Store_613,Pune,4199,2303
2024-01-30,405,Store_405,Pune,1401,422
2024-01-03,977,Store_977,Hyderabad,4690,237
2024-06-04,119,Store_119,Pune,1150,526
2024-04-25,841,Store_841,Mumbai,694,2540
2024-04-25,942,Store_942,Chennai,1937,1320
2024-07-15,291,Store_291,Kolkata,1723,2387
2024-04-12,873,Store_873,Bengaluru,2021,1669
2024-04-27,525,Store_525,Hyderabad,4200,2275
2024-11-22,863,Store_863,Bengaluru,933,3192
2024-12-05,750,Store_750,Mumbai,958,3387
2024-05-04,316,Store_316,Hyderabad,2325,2217
2024-05-30,497,Store_497,Hyderabad,1457,2533
2024-05-03,973,Store_973,Delhi,3846,409
2024-08-19,537,Store_537,Mumbai,3552,3358
2024-01-06,956,Store_956,Mumbai,1029,1614
2024-12-20,625,Store_625,Delhi,3495,2787
2024-10-24,761,Store_761,Hyderabad,1386,1405
2024-05-14,820,Store_820,Kolkata,1536,969
2024-03-02,702,Store_702,Mumbai,3184,2638
2024-06-15,403,Store_403,Delhi,372,2193
2024-06-22,636,Store_636,Kolkata,4776,2426
2024-09-06,867,Store_867,Mumbai,4622,2834
2024-11-02,668,Store_668,Pune,2906,2528
2024-01-04,182,Store_182,Mumbai,3004,1311
2024-02-10,640,Store_640,Chennai,4821,3545
2024-08-27,636,Store_636,Bengaluru,715,3945
2024-06-12,923,Store_923,Kolkata,2117,367
2024-10-13,885,Store_885,Kolkata,1256,3924
2024-10-26,352,Store_352,Hyderabad,1673,1102
2024-12-06,283,Store_283,Kolkata,3878,267
2024-05-05,592,Store_592,Delhi,3673,1719
2024-07-15,962,Store_962,Chennai,4987,1513
2024-08-13,898,Store_898,Hyderabad,3455,718
2024-10-29,808,Store_808,Kolkata,905,125
2024-04-22,339,Store_339,Bengaluru,3393,3997
2024-12-15,426,Store_426,Pune,2625,1790
2024-05-18,149,Store_149,Chennai,2231,654
2024-05-21,492,Store_492,Hyderabad,4343,3764
2024-08-22,631,Store_631,Chennai,442,2358
2024-08-02,402,Store_402,Mumbai,1258,769
2024-09-09,565,Store_565,Hyderabad,1905,269
2024-01-02,186,Store_186,Bengaluru,3955,386
2024-05-20,738,Store_738,Chennai,3291,1652
2024-03-21,778,Store_778,Pune,100,3610
2024-03-05,231,Store_231,Kolkata,4504,1768
2024-11-01,423,Store_423,Bengaluru,1651,670
2024-02-05,419,Store_419,Delhi,1204,3697
2024-10-16,775,Store_775,Hyderabad,2438,1210
2024-01-15,430,Store_430,Chennai,1924,645
2024-02-10,108,Store_108,Kolkata,1964,3364
2024-06-16,591,Store_591,Pune,726,876
2024-10-23,455,Store_455,Bengaluru,4435,3238
2024-06-15,295,Store_295,Delhi,3397,2960
2024-11-09,409,Store_409,Delhi,717,893
2024-09-05,762,Store_762,Bengaluru,2099,677
2024-12-24,896,Store_896,Chennai,2061,45
2024-05-28,588,Store_588,Pune,2017,2632
2024-12-04,289,Store_289,Kolkata,1776,443
2024-06-23,975,Store_975,Mumbai,2886,3079
2024-04-10,971,Store_971,Pune,2199,2200
2024-12-02,568,Store_568,Mumbai,1948,2441
2024-01-02,384,Store_384,Delhi,3525,2934
