date,campaign_id,planned_spend,actual_spend
12-07-2024,8359,4993.32,6255.43
09-05-2024,7788,7869.26,4768.86
09-03-2024,7551,7341.57,8017.86
25-06-2024,1160,951.07,821.62
25-06-2024,3700,3658.1,4630.64
16-01-2024,3797,3843.59,3855.2
01-07-2024,4579,3384.01,2327.36
11-12-2024,4012,9677.87,10024.72
23-09-2024,8482,6438.69,8265.09
07-09-2024,3545,3792.42,3723.81
13-11-2024,7914,8375.28,6511.03
25-06-2024,6327,1660.37,1846.35
15-01-2024,1536,7883.86,6329.03
29-12-2024,5144,2720.72,2650.99
01-06-2024,8798,9342.2,11862.33
20-08-2024,4217,3610.51,3717.36
12-05-2024,6234,9583.06,10469.76
26-10-2024,3673,9892.39,10590.46
17-04-2024,3069,9691.45,12177.75
29-09-2024,4530,7354.67,9399.98
08-11-2024,9429,4315.46,5420.72
15-01-2024,6717,8499.15,10291.32
14-09-2024,4323,1083.43,1028.19
04-09-2024,6476,4927.46,4349.64
17-05-2024,5509,2145.86,1710.26
20-02-2024,7644,2036.16,1574.77
11-04-2024,9952,3408.84,2911.93
02-02-2024,7866,3732.73,3543.61
24-05-2024,8706,3010.15,4093.43
17-02-2024,1803,8713.39,10964.54
11-08-2024,4924,416.86,450.79
01-04-2024,7847,8871.34,11113.75
25-03-2024,9124,4766.92,5837.74
19-05-2024,2205,3127.89,4060.75
03-04-2024,8353,6991.55,7055.27
10-02-2024,2879,4433.75,5796.12
09-12-2024,5336,5044.58,3267.07
20-07-2024,5063,6116.7,5775.8
26-09-2024,2366,8578.35,11981.93
14-08-2024,4345,712.39,626.45
01-05-2024,6416,3731.72,5033.88
20-08-2024,2933,8188.47,6572.14
21-12-2024,9036,6969.22,9438.48
17-08-2024,9278,8188.34,9799.51
09-11-2024,2671,9137.29,6321.65
28-03-2024,3040,6522.58,6528.58
09-10-2024,9712,9167.62,11790.64
08-07-2024,8921,978.26,947.64
12-05-2024,1337,5766.67,6815.38
28-06-2024,3138,7946.26,7361.34
28-05-2024,2135,1522.69,2050.75
26-07-2024,7730,5311.83,3609.38
29-02-2024,1111,8897.49,10493.99
07-10-2024,4556,9788.52,8587.12
26-11-2024,3418,5397.5,6989.57
13-06-2024,4015,7441.84,9867.34
20-07-2024,3337,1229.35,1532.2
28-08-2024,4973,8910.4,7243.49
05-02-2024,6264,3612.24,4310.37
03-12-2024,5125,4237.33,4662.89
12-06-2024,3888,6470.62,4835.79
21-06-2024,9769,5511.14,7490.48
09-01-2024,1842,4933.95,4818.71
26-02-2024,9877,1159.52,1499.41
29-11-2024,3002,8086.44,9759
08-10-2024,6202,3111.24,2259.32
16-01-2024,6999,4188.55,4220.56
12-06-2024,5601,8764.24,9358.03
16-01-2024,2089,7704.82,4816.44
28-01-2024,7462,8815.35,8650.35
25-10-2024,4920,6583.83,7841.68
04-05-2024,6031,2854.72,1864.19
04-08-2024,3851,2492.09,1704.89
04-08-2024,9622,1681.85,1105.95
06-12-2024,6481,6064.36,7852.51
07-10-2024,3971,9147.56,10330.34
08-09-2024,7770,2081.99,2911.96
15-04-2024,9876,6399.94,4907.28
17-04-2024,2118,7528.68,10022.09
18-11-2024,9310,5237.99,5583.01
07-09-2024,5943,7592.89,6450.23
07-06-2024,9218,7360.06,9346.77
30-08-2024,4480,1594.98,1826.08
14-06-2024,9115,436.75,541.98
22-10-2024,6972,1088.16,1416.85
07-04-2024,7318,3890.31,4517.08
02-02-2024,3443,7122.93,9770.91
30-06-2024,9023,1377.12,1758.76
11-06-2024,5912,5030.53,6255.69
08-03-2024,6447,4885.68,4822.44
27-07-2024,8721,3808.65,4548.32
18-05-2024,5287,4397.75,5544.92
02-02-2024,3835,2964.89,2166.31
30-09-2024,4430,9245.34,7104.59
30-12-2024,5721,2342.13,2192.97
22-12-2024,5990,7156.65,4360.81
20-03-2024,8274,6485.63,4033.99
23-02-2024,2922,6977.11,7310.58
14-03-2024,8301,829.07,987.28
12-04-2024,3489,590.54,813.32
30-01-2024,8089,5290.44,6358.39
20-06-2024,5915,1507.6,1066.27
06-04-2024,2690,4325.71,3280.64
16-08-2024,1963,6898.68,7285.2
02-04-2024,1256,1146.56,1331.34
25-02-2024,4066,640.33,617.47
20-06-2024,1562,8622,6293.36
11-09-2024,4923,5408.58,6650.13
25-07-2024,6827,5290.09,7369.45
05-02-2024,7003,7631.7,6359.59
18-03-2024,5239,9677.04,13528.33
10-04-2024,6945,5002.88,4495.97
16-01-2024,1506,6471.95,5732.42
21-05-2024,9959,3753.15,4006.82
09-05-2024,4884,1890.58,1269.64
03-04-2024,7506,2438.86,2395.19
22-03-2024,2512,6401.34,4835.13
18-04-2024,6224,295.66,316.24
12-04-2024,3596,8536.99,5878.72
17-09-2024,5740,581.14,462.44
27-05-2024,3822,8656.1,10907.24
23-12-2024,6931,8773.27,7050.77
25-04-2024,6311,6459.22,5946.65
11-05-2024,6114,5993.44,5794.11
17-06-2024,3072,8642.96,6022.26
03-03-2024,4254,8852.83,5907.37
28-12-2024,2144,9023.99,6814.52
16-04-2024,1293,1971.75,1213.35
01-11-2024,8761,8501.75,9248.88
05-06-2024,9446,2846.99,3604.66
17-09-2024,7157,8840.17,10486.13
21-12-2024,1016,5789.6,6348.73
04-10-2024,3025,3763.77,4313.26
02-11-2024,4217,9030.28,5554.73
18-05-2024,3477,9718.88,11081.6
16-03-2024,5303,7656.84,10271.9
11-01-2024,7778,4403.85,4287.24
13-04-2024,4713,2621.88,2036.37
10-04-2024,1378,1955.72,2543.43
01-02-2024,4129,3447.63,2324.77
29-02-2024,4620,6998.19,6951.67
16-02-2024,5163,7032.03,4413.55
26-11-2024,9299,4211.48,3308.8
30-08-2024,2496,424.94,347.34
01-11-2024,9290,9402.8,9286.83
22-03-2024,1735,8480.22,7994.25
12-12-2024,6828,7562.13,4818.43
09-03-2024,6701,2744.51,2866.69
02-11-2024,5266,4203.28,5559.02
11-06-2024,9499,7320.61,5160.8
17-06-2024,6477,2139.61,1703.28
04-08-2024,4526,5714.22,5977.03
04-06-2024,5706,1628.76,2164.07
23-01-2024,7869,2694.66,2280.19
24-05-2024,3321,4355.48,2627.73
07-10-2024,7778,9729.76,10005.22
23-04-2024,5512,752.28,888.61
05-01-2024,7954,7831.43,5779.19
03-08-2024,3374,5496.36,4246.47
25-12-2024,8492,216.17,167.57
16-09-2024,1459,1163.08,949.58
02-11-2024,6988,1022.31,874.76
03-09-2024,9183,6784.08,6341.5
04-09-2024,6203,2333.37,2268.33
21-06-2024,4523,4842.54,4461.24
30-10-2024,1023,1264.83,1669.1
23-12-2024,9561,5999.34,4522.94
21-04-2024,2989,205.59,139.68
04-06-2024,5979,842.5,929.5
02-11-2024,6595,7899.41,10241.72
18-01-2024,3747,4254.15,2658.01
19-10-2024,8863,170.08,226.45
03-12-2024,4494,8588.64,7019.17
08-08-2024,8831,1391.41,1753.39
17-09-2024,4746,2443.65,1844.49
06-12-2024,4452,1371.4,970.86
12-06-2024,6010,3582.91,3928.92
06-02-2024,4037,2525.66,2123.77
28-11-2024,4515,230.11,168.61
08-01-2024,4954,9853.84,12060.04
09-04-2024,7839,8051.64,6192.72
06-08-2024,6042,641.82,571.67
06-10-2024,5856,4200.01,3953.84
16-05-2024,3804,3341.41,3692.5
27-02-2024,4396,1669.54,1159.57
11-07-2024,3480,7525.26,5411.16
27-02-2024,6012,9132.75,8939.64
06-05-2024,5576,3508.12,3099.07
10-05-2024,6671,7599.88,5609.94
15-10-2024,3195,5757.73,3660.61
07-01-2024,1869,999.95,616.12
14-02-2024,5936,2319.32,1974.87
12-03-2024,8146,8350.37,10866.7
19-07-2024,7448,9909.77,7793.88
21-01-2024,1599,8888.92,6048.93
09-09-2024,1773,7811.99,10446.1
17-09-2024,9414,1761.59,1101.44
08-04-2024,7555,6559.74,6287.22
17-04-2024,6128,3978.14,3667.95
14-12-2024,3583,4183.25,3398.16
21-02-2024,1684,6733.12,6125.82
17-10-2024,6590,1172.6,1346.35
30-12-2024,9392,3342.16,2276.29
12-04-2024,8566,8335.42,9918.51
17-05-2024,6328,944.99,574.33
15-05-2024,7188,4840.18,5756.5
14-10-2024,3227,7837.88,6671.73
25-04-2024,1768,8866.58,7153.43
26-05-2024,4607,5119.9,3164.7
07-07-2024,9091,1547.46,1789.36
04-07-2024,4873,8249.27,6222.84
07-08-2024,2890,3468.9,4047.28
13-07-2024,7430,561.02,622.92
17-03-2024,2168,8716.17,5404.34
08-11-2024,8912,124.81,114.93
14-07-2024,8337,7240.97,4455.81
21-07-2024,4997,9009.3,12062.7
11-11-2024,7842,1770.38,1205.88
02-01-2024,3434,3531.3,2240.16
04-04-2024,7316,3871.62,4039.12
12-06-2024,7753,6520.89,6579.12
24-01-2024,5799,3327.5,2594.77
15-09-2024,3354,7106.03,7767.03
19-02-2024,6604,1466.87,1247.49
02-03-2024,6700,8993.79,7426.72
30-11-2024,5603,5695.37,5579.14
20-12-2024,3472,2352.69,2326.24
09-06-2024,2289,2401.6,2847
22-10-2024,4480,2374.31,2088.37
11-09-2024,6017,4540.41,6238.2
12-03-2024,6321,5189.66,6182.15
17-10-2024,8478,3963.21,4870.11
14-02-2024,2649,5944.02,6687.51
18-09-2024,4443,4291.56,3544.05
09-06-2024,4209,6246.44,4744.14
25-10-2024,6313,4831.98,6599.79
24-01-2024,8233,1163.01,904.08
08-12-2024,8675,1179.6,974.23
21-12-2024,2499,7096.49,7975.21
05-01-2024,2725,4921.32,5516.89
24-12-2024,9388,3983.5,4478.36
28-04-2024,3559,2823.99,1956.8
07-01-2024,3173,7548.05,5163.82
01-08-2024,2839,2921.54,3619.91
11-05-2024,7975,401.35,460.59
01-12-2024,8346,101.99,121.56
14-01-2024,8668,339.61,249.09
31-03-2024,3051,8471.29,9281.55
30-11-2024,3139,8173.58,9207.05
25-02-2024,1374,1572.41,1176.23
03-01-2024,8749,7744.5,6843.65
12-03-2024,7412,1391.39,872.39
06-11-2024,5332,6278.74,4134.3
22-11-2024,7863,4162.33,3968.92
11-07-2024,6349,8267.82,7895.56
13-05-2024,7759,6252.92,7733.98
24-12-2024,7122,2828.49,2783.46
16-04-2024,8582,3025.06,3738.54
06-03-2024,5661,6807.75,9178.44
13-08-2024,7919,3413.69,3796.77
02-05-2024,5560,7778.62,5622.3
09-03-2024,6663,2737.93,3212.14
25-02-2024,3197,9842.29,8751.46
19-07-2024,8477,1259.89,1395.29
07-05-2024,4249,3215.92,4392.42
27-08-2024,8417,2422.49,3095.14
08-10-2024,9150,9700.95,7771.5
20-03-2024,3628,6114.55,5825.21
04-08-2024,7813,9999.39,13000.89
12-03-2024,4870,3235.91,3021.47
22-01-2024,6623,3381.92,2724.54
20-12-2024,6331,1746.07,1630.64
03-10-2024,3660,6376.64,6123.46
27-01-2024,9730,9374.55,7029.2
16-11-2024,2109,4786.24,3932.39
14-12-2024,9813,3803.64,5058.05
30-05-2024,6842,7064.65,9806.97
15-12-2024,4011,9684.64,9721.72
16-05-2024,9166,2629.74,3608.65
21-03-2024,7799,5125.03,3359.96
30-01-2024,6637,4896.96,4275.69
15-12-2024,1835,7165.46,6788.6
08-07-2024,9141,213.57,162.87
15-04-2024,3799,8636.47,9248.89
28-08-2024,5485,8498.64,9638.39
17-07-2024,2859,6422.09,4835.82
30-09-2024,7285,6991.55,9466.98
08-07-2024,8303,2260.01,1675.75
28-07-2024,7769,6890.99,5499.35
05-05-2024,2000,9561.03,12088.02
14-02-2024,4396,8530.01,9593.2
12-02-2024,9492,6700.25,5723.08
22-02-2024,6166,5908.05,7655.23
10-04-2024,3507,9114.06,7439.86
09-05-2024,6446,3936.58,4438.21
08-12-2024,2721,1858.36,1992.75
15-11-2024,4251,3930,2616.24
26-09-2024,1403,3164.82,3055.82
10-12-2024,5027,8956.34,10988.67
20-12-2024,5449,3133.82,2583.69
17-11-2024,7513,3924.04,2437.58
27-11-2024,8969,7702.67,9041.17
25-03-2024,3265,2630.5,2590.39
07-05-2024,6866,6339.83,4461.44
08-02-2024,7895,1532.17,976.28
31-07-2024,9488,853.43,769.75
25-03-2024,7747,4119.38,3544.75
25-11-2024,4060,7917.24,4908.61
27-12-2024,3193,9416.11,6717.34
22-01-2024,1581,356.81,216.15
16-11-2024,8266,8626.69,5289.48
17-10-2024,7174,4336.41,4758.15
08-03-2024,1772,3771.42,5088.44
09-12-2024,7257,7970.8,8194.56
22-05-2024,1921,2443.47,1500.55
01-07-2024,1492,1256.78,1508.9
01-11-2024,7353,9000.08,9185.23
30-07-2024,8047,2994.47,3292.77
15-08-2024,3113,9227.44,8853.47
07-09-2024,2433,1471.77,1457.22
25-10-2024,2982,4022.16,3643.07
02-06-2024,5399,6096.2,5680.1
15-11-2024,5391,4624.88,5557.26
09-03-2024,9401,2309.07,1563.5
25-10-2024,3502,8894.91,6485.66
05-10-2024,8021,3574.52,3063.64
20-04-2024,9475,7075.46,7552.25
03-05-2024,2276,9897.06,6428.89
11-03-2024,1304,3628.64,3004.87
13-04-2024,8522,2240.62,1681.29
13-03-2024,3232,5182.21,3768.71
17-03-2024,1283,2490.39,3401.26
03-06-2024,5184,7650.93,4709.25
14-03-2024,3374,2935.16,2027.4
21-05-2024,8554,7794.84,6357.3
21-09-2024,1292,7558.22,8025.65
10-03-2024,2316,6049.32,4308
23-11-2024,5551,6904.82,5486.59
26-03-2024,3649,7209.8,9148.74
07-12-2024,9503,6088.19,6643.16
09-09-2024,1151,8613.88,11378.69
17-05-2024,2310,7325.9,7279.68
22-11-2024,7191,7011.74,5616.11
01-05-2024,1045,1754.32,2209.46
03-06-2024,2346,1283.42,1461.53
25-08-2024,1027,3659.19,3471.37
16-03-2024,3892,3833.77,4087.34
05-11-2024,3160,3018.38,3657.79
11-07-2024,4257,2336.47,2791.05
25-06-2024,4217,2265,1485.92
28-08-2024,5665,2248.09,2456.48
03-05-2024,1509,9918.63,6783.36
23-04-2024,3033,1937.66,2556.89
09-02-2024,5775,4618.2,5836.17
20-03-2024,9276,2578.94,1872
02-12-2024,5683,3143.7,2412.29
25-08-2024,8612,3573.28,4646.8
21-05-2024,2668,1763.6,1696.29
03-01-2024,1497,5745.33,6247.43
23-10-2024,6654,7778.71,7626.52
25-02-2024,2904,8615.05,10245.09
04-06-2024,7374,285.44,260.04
12-11-2024,2014,6892.19,9145.88
21-12-2024,8190,3990.9,3854.73
26-04-2024,7357,5090.24,3830.33
21-08-2024,2527,6532.97,5620.88
19-03-2024,9438,3503.73,3824.6
05-06-2024,2110,7692.14,5759.62
06-08-2024,9476,4854.96,3583.6
01-10-2024,9144,9094.13,12421.42
25-03-2024,8981,6334.98,4412.46
21-12-2024,5023,5478.45,4910.99
12-02-2024,1550,8507.85,7171.33
04-11-2024,5010,2880.72,3203.73
22-10-2024,1666,6741.96,8045.36
05-03-2024,5150,8555.62,10190.16
22-09-2024,5365,2714.92,2688.25
22-06-2024,7590,1766.43,1787.97
07-08-2024,3118,6047.16,4785.97
20-12-2024,4083,9122.05,8566.18
17-09-2024,8995,9743.84,8727.5
30-11-2024,1579,163.16,155.45
08-07-2024,9759,6891.25,9314.39
06-08-2024,2268,6207.37,6726.24
16-11-2024,4389,686.87,712.06
30-01-2024,4108,5037.7,4062.9
23-09-2024,1431,4553.43,2927.9
19-03-2024,4027,7813.02,6304.13
22-10-2024,9798,8807.22,6568.75
20-01-2024,2343,8004.03,5049.74
19-02-2024,6981,3723.72,3024.36
05-06-2024,2882,9593.28,11386.74
17-05-2024,3720,666.87,767.4
04-05-2024,4296,9897.66,7622.16
01-09-2024,5919,3273.88,4249.36
18-02-2024,4078,2666.92,2760.24
28-03-2024,7853,2795.61,2056.73
14-02-2024,3298,6044.31,8034.36
23-08-2024,7269,1356.58,1152.4
12-05-2024,6721,9244.7,10997.43
11-09-2024,7057,9308.92,7193.89
07-11-2024,3118,497.91,514.5
18-07-2024,4230,7041.11,5099.95
12-11-2024,7338,982.9,1128.12
17-02-2024,7777,2744.45,1984.4
12-03-2024,8179,5393.64,3312.16
01-11-2024,1687,6913.99,6572.83
11-03-2024,9918,1818.94,1743.47
28-04-2024,7382,8708.4,6265.93
05-07-2024,3309,9882.23,10820.9
28-02-2024,5530,1342.09,1760.72
18-01-2024,8014,5706.96,6711.37
11-12-2024,8039,291.13,361.38
02-10-2024,3182,5891.79,5135.3
13-08-2024,5814,3748.07,2613.44
12-04-2024,8932,4809.13,6251.92
19-10-2024,4568,7754.75,10259.01
01-06-2024,8436,1170.39,1475.86
23-06-2024,9462,2053.91,1881.97
23-06-2024,6137,8000.83,6785.59
02-04-2024,6457,5990.43,6270.44
05-04-2024,3135,3055.26,4126.06
12-11-2024,6155,358.67,277.91
27-07-2024,8103,3856.86,4465.11
12-05-2024,5736,8785.36,8985.18
06-04-2024,2168,9032.5,10769.86
27-10-2024,2639,1573.94,1463.04
05-08-2024,9832,9433,11485.65
12-11-2024,8164,1162.4,1174.99
20-04-2024,6121,396.88,311.09
03-05-2024,3873,6921.96,6234.11
18-05-2024,7735,1340.19,1045.64
08-01-2024,4927,8939.67,10360.41
26-03-2024,7729,4596.59,5456.03
26-01-2024,6706,3548.24,2245.48
18-03-2024,7688,7020.85,7732.02
12-02-2024,6181,7339.61,9732.41
14-11-2024,9725,2250.43,2281.23
20-08-2024,1514,6180.85,3912.43
19-03-2024,2066,403.84,537.81
08-09-2024,6971,758.07,561.2
09-03-2024,2177,8558.26,7816.2
18-11-2024,7497,1743.51,1315.95
24-03-2024,1406,1511.29,1710.06
11-03-2024,6301,7227.94,7997.74
06-06-2024,1817,7522.61,9689.76
19-09-2024,9611,131.41,149.13
14-12-2024,9984,2355.8,1862.14
26-09-2024,7200,7380.07,7869.16
13-10-2024,1622,2351.48,2082.55
18-12-2024,4736,1023.12,1127.33
20-05-2024,8137,1727.44,2287.83
12-12-2024,4859,8315.08,6014.8
25-06-2024,3363,6420.63,6446.1
30-05-2024,5410,2726.83,3802.98
06-06-2024,2443,9519.88,12069.72
12-04-2024,7186,6282.29,6947.49
06-09-2024,2853,8105.81,5125.34
17-11-2024,1977,1137.46,1533.47
23-06-2024,6389,8448.9,5278.46
17-06-2024,5827,520.62,378.43
17-12-2024,7638,236.49,305.7
19-11-2024,7533,5051.33,3192.08
25-08-2024,2129,3333.1,4423.11
13-09-2024,5967,1231.53,1312.84
08-11-2024,2136,4390.22,3727.13
13-02-2024,2797,1549.21,1939.72
01-11-2024,9642,3171.25,2613.05
21-10-2024,7864,2555.27,3337.99
23-02-2024,5827,2978.31,2107.82
12-01-2024,6487,8706.93,7517.91
06-09-2024,9936,2006.84,2636.79
21-07-2024,8790,7773.41,8192.86
19-01-2024,6337,6217.69,6752.82
27-09-2024,6056,3968.94,3481.77
08-10-2024,8356,1713.75,2273.46
22-04-2024,5468,8848.47,10704.2
23-10-2024,7113,1828.89,2539.87
17-04-2024,7204,2564.41,3055.55
15-06-2024,3903,9977.52,11314.02
12-07-2024,3230,3486.94,3156.38
07-08-2024,4603,6361.22,3875.4
30-11-2024,1667,7636.83,10168.08
25-01-2024,2984,2450.21,1985.48
04-04-2024,4071,9958.76,8298.99
12-10-2024,6876,1217.36,1278.8
10-03-2024,4658,7646.16,5272.59
30-12-2024,4893,7547.8,6972.66
08-06-2024,7425,9011.89,6578.12
20-06-2024,6135,2760.31,1876.51
23-01-2024,9307,8298.79,7815.24
20-07-2024,7117,5418.78,4522.02
13-07-2024,7933,9370.44,9828.59
25-06-2024,7968,2249.94,2390.41
25-10-2024,2651,826.94,912.07
07-02-2024,3482,405.18,289.2
02-09-2024,4187,3272.8,2413.23
15-05-2024,3387,2623.91,2168.05
05-06-2024,5990,3499.89,2442.16
09-09-2024,1527,4191.77,4771.91
27-07-2024,9409,7272.94,6096.08
26-01-2024,3684,8300.16,10025.19
05-06-2024,1229,508.57,316.02
23-08-2024,9811,4689.21,3125.99
25-05-2024,3143,1110.19,688.68
01-03-2024,8755,3512.19,3387.42
20-09-2024,1310,5890.1,7115.71
31-05-2024,7330,5941.48,7853.69
19-09-2024,6735,7035.49,7636.12
23-04-2024,1361,8784,8213.6
27-05-2024,6442,4932.01,4115.76
29-12-2024,7905,8330.97,5239.52
27-04-2024,5800,8751.83,9835.55
21-01-2024,9126,2373.01,3190.11
23-04-2024,9649,7363.05,6771.11
08-11-2024,1611,5112.58,3338.21
19-11-2024,3324,7734.73,6115.35
15-05-2024,3249,3425.04,3822.65
14-04-2024,8842,7758.1,4936.66
27-11-2024,7703,6467.37,8264.52
29-04-2024,4397,1637.96,1605.93
29-05-2024,7927,3139.71,2312.05
27-04-2024,7546,1547.59,1854.89
11-04-2024,8435,4223.3,2646.24
25-10-2024,1629,3165.45,1957.87
29-09-2024,1885,1827.32,2224.47
04-10-2024,7538,5158.81,5945.13
07-04-2024,7703,8784.83,5931.98
30-03-2024,8207,3742.64,3706.09
20-04-2024,8753,5711.86,7506.81
28-10-2024,1475,6697.35,4272.36
14-10-2024,2292,5572.16,5704.74
24-06-2024,8178,1383.43,1203.33
07-05-2024,1368,6420.13,5423.77
31-07-2024,2486,5943.82,6748.12
05-06-2024,9443,1853.05,1116.76
26-03-2024,7459,4482.66,5293.15
28-03-2024,7888,1926.85,1408.45
21-02-2024,3033,9633.97,10408.83
10-03-2024,5262,4286.19,3045.07
15-11-2024,2388,8210.64,6779.42
07-07-2024,4580,2287.55,3045.95
24-09-2024,7676,3292.44,3222.2
14-11-2024,6923,1909.62,1380.72
20-11-2024,9689,2405.89,1849.26
29-09-2024,1275,9544.32,11456.88
24-02-2024,8913,7379.48,9457.11
14-12-2024,5494,9912.1,6625.06
13-04-2024,9369,3009,2043.23
26-10-2024,8837,1526.27,967.23
23-09-2024,9216,7086.08,5389.67
18-02-2024,7701,4598.16,5840.9
27-08-2024,4387,8433.89,10801.88
11-12-2024,5382,7583.64,9567.33
29-12-2024,5646,8924.35,10031.84
08-05-2024,2046,1999.34,2310.76
13-12-2024,3458,1241.86,1186.19
13-10-2024,5775,6879.71,8469.82
21-04-2024,9760,3586.43,4240.74
06-09-2024,7392,1091.53,1451.97
30-11-2024,1189,2494.13,3168.06
01-08-2024,5072,4932.17,6088.1
06-09-2024,7727,9549.54,7599.65
08-12-2024,7090,6041.6,5396.62
22-07-2024,2942,5002.8,4065.3
17-03-2024,2968,1045.13,1317.76
13-08-2024,9828,332.36,226.69
10-05-2024,2957,5426.02,5077.04
27-11-2024,8610,8962.09,9826.93
21-05-2024,9888,6506.21,6797.65
06-07-2024,2381,7027.75,7189.73
13-06-2024,5653,8028.69,5882.52
27-05-2024,6409,7779.85,4837.37
19-02-2024,2550,869.06,585.36
27-06-2024,2498,2005.23,1510.44
09-11-2024,1148,4016.51,3480.02
30-08-2024,4152,2185.34,2721.24
24-08-2024,2396,7076.42,7796.43
16-12-2024,9538,1025.4,810.62
01-07-2024,7028,2787.86,3541.73
24-10-2024,4965,4266.91,5348.77
09-03-2024,6953,755.59,647.22
21-03-2024,7654,2489.3,2734.85
10-05-2024,3071,4695.16,4334.03
24-07-2024,9488,4331.04,4914.73
02-01-2024,6700,9155.97,7472.74
11-01-2024,5254,6269.2,7685.08
19-05-2024,7627,3083.02,3712.6
10-06-2024,2485,683.24,435.78
05-04-2024,2060,571.16,561.74
15-08-2024,1182,7104.73,9070.57
26-10-2024,2815,5819.03,8063.68
04-02-2024,8028,2353.66,2965.8
03-01-2024,6303,3361.81,4506.33
20-09-2024,3011,1321.67,914.02
10-08-2024,6036,3388.65,4092.97
11-01-2024,7175,1244.05,1173.55
03-08-2024,4109,8090.35,10812.23
11-07-2024,7482,2216.98,2707.69
25-01-2024,2955,4819.99,4098.39
11-09-2024,9858,6024.46,3989.97
08-10-2024,9171,7902.67,4843.51
20-10-2024,8452,5660.82,4834.07
18-05-2024,3355,6503.58,8304.63
26-01-2024,9929,3161.58,4194.07
14-08-2024,1162,5823.51,6059.25
27-04-2024,9517,1112.94,1424
09-11-2024,9336,1555.97,1394.98
25-10-2024,1233,3979.3,2587.67
25-10-2024,6436,940.38,970.8
29-03-2024,6662,6308.66,4168.17
30-06-2024,7753,8468.57,10493.38
22-04-2024,6411,1284.35,1496.85
25-09-2024,4668,3905.04,4266.56
23-02-2024,4126,2870,3714.59
19-02-2024,2380,772.42,968.04
23-03-2024,2944,8882.06,8330.83
30-11-2024,8945,8439.96,10349.25
11-08-2024,3638,9120.83,12445.49
08-02-2024,4278,4043.35,3821.72
31-07-2024,6411,5777.25,6358.27
11-06-2024,4563,9169.15,9446.77
25-02-2024,7242,7613.9,8699.19
08-07-2024,1896,1181.58,1418.73
18-11-2024,7968,9766.62,6024.79
29-08-2024,6406,7267.94,7811.34
27-02-2024,5430,4553.48,4179.1
23-11-2024,3707,6805.76,6963.46
28-02-2024,8964,5282.58,5890.98
26-10-2024,2545,3605.15,2933.56
27-05-2024,1572,4820.62,6123.57
04-12-2024,9624,2820.41,2298.51
06-02-2024,9249,9506.03,9396.29
30-12-2024,7807,2401.53,2154.52
26-06-2024,2810,7190.35,7567.33
27-03-2024,9248,7383.15,8776.39
15-05-2024,6246,6054.21,7383.44
15-11-2024,7867,9775.78,5979.35
17-12-2024,2610,5953.48,7658.09
28-06-2024,9718,3124.3,3955.99
10-03-2024,7694,5678.16,4835.41
25-07-2024,8814,987.58,1055.03
12-08-2024,4165,927.32,600.83
03-03-2024,6351,7531.57,5946.54
23-10-2024,2032,8029.94,6948.87
14-08-2024,2127,6331.52,4329.47
30-11-2024,3638,6333.02,4294.66
02-04-2024,5597,8739.99,6870.15
20-11-2024,5786,4471.94,4789.68
20-12-2024,6344,5087.89,5307.31
30-05-2024,9020,9806.29,7833.28
10-08-2024,2539,8776.06,10443.76
14-05-2024,9004,1979.41,2038.19
28-09-2024,8418,3318.68,2312.68
30-11-2024,3920,4481.59,6078.48
11-03-2024,2062,6934.22,5230.27
19-02-2024,5724,2155.97,2500.58
07-10-2024,1924,3041.04,3075.37
07-07-2024,6322,7767.65,4819.7
16-10-2024,7968,8850.88,7564.57
26-08-2024,9873,3919.84,3795.08
22-06-2024,1112,2216.8,1991.61
25-10-2024,7455,4383.12,5884.04
04-03-2024,4025,5780.88,4165.59
27-05-2024,5300,1086.96,1128.37
24-06-2024,4368,2348.97,1803.09
23-03-2024,7245,3454.68,3216.58
14-12-2024,4758,7382.01,6279.95
28-03-2024,2546,4166.11,3539.54
02-07-2024,4614,3304.14,2922.96
26-01-2024,8506,3371.91,2406.18
14-06-2024,6508,6983.71,6844.52
25-01-2024,6766,6600.17,5076.98
28-09-2024,9552,1672.14,1196.16
20-07-2024,3358,5420.64,3597.76
19-01-2024,1767,3925.7,3182.09
28-07-2024,5852,1087.81,1073.91
10-03-2024,7560,8180.37,10917.1
11-08-2024,8033,4234.61,2551.88
15-02-2024,2931,2175.91,2333.74
13-04-2024,6408,4674.23,5018
07-04-2024,9242,3527.16,2337.14
30-03-2024,8571,9192.52,6330.44
04-09-2024,6944,384.72,495.39
13-06-2024,5125,628.31,746.91
07-12-2024,7210,2885.24,3052.21
24-02-2024,9059,6942.45,6408.59
28-10-2024,4890,4912.13,5560.22
09-07-2024,5549,3457.19,3310.12
06-01-2024,7247,5252.77,5196.86
08-03-2024,9361,4070.07,4852.7
04-02-2024,3258,9252.31,9114.4
16-09-2024,1477,1319.35,1394.22
26-09-2024,2607,2213.74,2617.85
08-11-2024,5927,5285,5913.06
17-09-2024,5662,3855.79,3638.41
14-06-2024,2124,2346.84,2648.64
02-03-2024,2264,3862.57,4076.89
02-10-2024,8465,7231.54,8889.24
30-12-2024,2623,1816.41,1463.48
06-01-2024,8105,6309.75,8409.68
06-11-2024,8976,6732,4686.28
22-07-2024,3320,8192.67,10310.72
09-01-2024,4711,6738.51,4850.34
25-04-2024,9332,1506.08,1032.1
03-02-2024,3559,7152.4,8996.98
02-11-2024,9604,3389.72,3494.22
26-06-2024,3543,3054.15,3105.11
02-01-2024,1768,4383.42,3383.64
08-01-2024,9516,3201.78,3919.33
22-12-2024,8407,4313.34,5519
03-01-2024,9602,9682.44,8274.25
30-09-2024,7106,3954.65,4341.29
19-03-2024,9177,7489.42,4747.81
19-03-2024,6383,4908.32,3230.59
02-08-2024,6355,873.1,575.97
09-08-2024,2441,843.63,1041.97
02-11-2024,6070,1433.42,1990.12
17-09-2024,9543,471.43,548.73
20-05-2024,1959,2532.81,3050.95
07-05-2024,1935,3823.14,4008.46
07-11-2024,4288,6331.09,4413.87
03-03-2024,6930,385.77,285.9
22-07-2024,5834,4928.04,6858.44
29-06-2024,4873,1547.9,1967.08
18-06-2024,7117,6407.51,8844.24
01-01-2024,8274,7243.49,9934.23
24-12-2024,5426,5537.84,4147.88
26-03-2024,9898,5234.95,5855.74
19-09-2024,2262,8207.27,7379.84
17-11-2024,4958,8640.85,7341.43
24-10-2024,8963,6750.11,7202.91
12-10-2024,1994,3266.64,2329.2
30-08-2024,4474,8016.19,7909.25
16-11-2024,9698,8651.81,11596.83
19-06-2024,6781,3988.44,5143.96
20-11-2024,1543,8247.17,11365.39
03-10-2024,1307,117.25,86.02
28-05-2024,9703,8231.33,10541.92
22-03-2024,9246,5289.39,5949.92
02-01-2024,3355,7324.14,7159.28
16-08-2024,2971,6929.73,7368.48
28-11-2024,7550,4253.61,3227.53
02-02-2024,7609,6506.99,4407.88
13-06-2024,3598,6115.93,4928.59
23-09-2024,9914,2578.67,3407.41
02-05-2024,3354,3291.46,2483.05
02-12-2024,7770,2657.76,2449.13
04-11-2024,2083,7497.06,6817.11
09-11-2024,3786,4527.51,5256.62
31-03-2024,3753,7046.02,4768.13
19-02-2024,8979,958.05,1238.28
23-01-2024,9719,186.54,206.31
24-09-2024,3225,2228.45,2739.63
30-11-2024,2307,3356.48,2089.11
17-10-2024,7806,4850.47,5993.84
03-07-2024,8262,7938.7,6338.05
10-09-2024,8857,8815.4,8779.34
25-02-2024,6215,1018.38,1399.61
13-08-2024,1355,8947.33,12392.4
02-01-2024,7743,6000.94,6103.99
30-06-2024,6926,6896.5,5842.07
30-05-2024,6487,1215.5,1234.33
30-07-2024,8851,9200.37,9118.27
18-08-2024,8644,2086.03,1520.84
01-06-2024,3416,3089.18,3491.07
31-07-2024,3539,6827.97,4872.64
13-01-2024,5221,6683.76,4631.67
28-02-2024,1513,2917.72,3554.76
08-02-2024,8131,4231.43,4182.55
05-08-2024,3142,8633.55,11257.31
10-11-2024,8860,2365.01,2160.89
22-05-2024,8702,6199.09,6015.08
10-12-2024,2167,910.54,868.85
26-07-2024,8000,2292.32,2042.34
29-08-2024,8678,9140.16,11731.77
22-11-2024,1449,4605.28,4344.5
21-04-2024,4547,6733.16,5429.72
07-08-2024,2689,9474.65,10017.46
09-10-2024,7692,6001.81,7660.45
05-08-2024,5964,1119.63,1121.43
03-07-2024,1914,5420.75,6543.73
08-01-2024,4610,3423.99,2142.38
16-02-2024,3693,2320.72,2305.85
20-02-2024,7834,1065.85,1418.77
16-11-2024,7020,3709.21,3127.91
03-01-2024,2732,9644.48,7225.44
20-09-2024,3782,861.05,1195.26
20-12-2024,7957,6579.6,4590.39
29-12-2024,9577,9160.29,10801.39
01-06-2024,8837,5324.34,4318.39
06-08-2024,3023,4210.22,5860.28
13-10-2024,2720,3573.49,3145.59
14-09-2024,6169,4566.24,4561.55
02-08-2024,7975,5187.37,5691.05
22-02-2024,6301,3792.11,3975.81
13-11-2024,1784,4833.89,3159.83
29-05-2024,4856,7199.07,8259.34
09-09-2024,2886,4615.8,5406.83
01-02-2024,9668,5194.92,6619.1
02-06-2024,3538,9706.59,6308.95
13-02-2024,7088,8792.73,9034.31
17-01-2024,3308,1687.11,1746.76
13-04-2024,5880,7387.36,6423.33
29-11-2024,2587,777.39,1071.85
27-02-2024,4677,8574.4,10156.92
13-02-2024,9128,7906.7,10394.91
21-09-2024,6254,2648.95,2757.29
05-03-2024,8928,5232.69,4991.66
19-11-2024,3005,7266.55,4456.16
12-10-2024,2994,890.36,956.25
06-02-2024,7150,9285.16,12194.76
09-09-2024,6494,317.09,246.11
20-06-2024,2301,5337.75,5553.28
17-05-2024,6743,3689.35,3762.66
21-11-2024,5606,5624.98,4023.15
10-12-2024,6807,6960.7,9639.34
29-05-2024,9235,4402.46,4559.38
17-10-2024,4639,2857.19,2965.52
12-01-2024,3266,7766.8,6376.96
10-02-2024,4896,3158.41,4391.21
11-01-2024,7224,7249.53,5163.29
30-06-2024,9038,9734.56,7616.43
26-02-2024,5891,1952.08,2482.44
13-05-2024,7175,3891.38,4520.95
16-07-2024,5336,1150.74,847.97
24-03-2024,5977,6234.41,7765.08
31-03-2024,6836,4202.75,3320.5
07-11-2024,9487,8718.92,7272.65
16-09-2024,5865,4627.38,5523.24
08-10-2024,1445,6337.71,4256.71
29-01-2024,7319,8905.98,8563.46
28-02-2024,9296,1557.73,946.78
13-06-2024,2872,8154.77,7089.15
16-08-2024,2368,241.99,167.67
16-12-2024,3187,2075.49,1829.74
24-09-2024,7649,1865.26,1826.37
25-10-2024,4515,4836.16,6170.34
30-03-2024,4524,9201.53,9934.89
18-06-2024,3520,2312.23,1462.76
01-07-2024,5018,3462.7,3521.03
28-07-2024,1725,5001.59,5547.92
28-01-2024,8537,8398.43,7872.03
22-04-2024,9688,4433.5,3435.39
23-06-2024,9916,2857.06,2501.96
10-12-2024,5435,6064.05,4841.29
23-05-2024,9251,748.08,538.97
02-04-2024,4838,1266.5,1083.5
09-10-2024,6235,1730.91,1982.63
23-10-2024,3529,9655.96,11786.67
29-06-2024,8493,5028.02,4177.52
28-05-2024,8159,7903.49,7434.02
30-06-2024,3093,9096.54,8082.06
03-09-2024,6819,2400.97,2660.02
17-02-2024,4146,3541.35,3277.86
05-04-2024,4823,5757.58,4629.42
29-08-2024,1021,2252.92,2428.51
14-08-2024,2491,7783.45,10045.51
14-06-2024,2684,957.46,959.95
28-03-2024,2367,1562.56,1688.06
06-05-2024,3599,1658.59,1311.85
02-09-2024,3153,2292.3,3178.27
11-04-2024,7168,4998.34,3255.03
29-06-2024,9342,3863.82,2838.19
30-09-2024,9985,9893.05,13684.56
23-12-2024,4526,8517.55,6941.38
05-11-2024,5689,8333.68,5860.76
03-03-2024,2138,5295.32,4078.84
08-02-2024,6225,5231.5,3371.05
18-02-2024,9970,2562.94,2743.71
15-07-2024,2320,1128.07,697.53
09-01-2024,2187,647.78,830.84
17-10-2024,5585,715.25,645.64
06-10-2024,9739,6696.58,5439.98
19-12-2024,2906,6890.97,4531.94
27-08-2024,2620,3847.37,2673.99
26-09-2024,5767,6386.58,5377.46
15-01-2024,4425,8098.42,8801.43
17-10-2024,4770,3785.4,3413.97
02-11-2024,4839,8162.73,6247.49
07-11-2024,1077,2470.67,1892.89
02-01-2024,8841,3951.57,4252.61
14-02-2024,7815,3853.85,5070.63
16-07-2024,4983,9547.38,7685.56
06-07-2024,8620,4917.06,6535.51
19-05-2024,3765,7015.08,8661.54
31-08-2024,8429,7570.9,9863.44
03-10-2024,4875,309.48,247.54
09-12-2024,4701,1306.25,1240.3
27-09-2024,6280,9068.53,7527.38
11-11-2024,3808,1693.46,2000.26
26-08-2024,1406,4539.19,4556.26
01-08-2024,1507,3653.91,4754.28
25-04-2024,4268,2607.13,1593.83
11-05-2024,1877,3402.1,3104.96
01-10-2024,6218,3899.64,3577.65
07-06-2024,4510,7661.68,6649.55
19-04-2024,9544,9662.12,11155.26
25-11-2024,9806,3802.38,4257.82
07-04-2024,8272,6552.69,4114.09
23-02-2024,8095,4430.36,3439.88
30-11-2024,1897,1584.7,1143.83
18-08-2024,9417,5888.29,5101.79
11-08-2024,1482,1693.8,1597.91
08-11-2024,6480,391.95,298.32
19-06-2024,9698,2528.8,3510.4
21-04-2024,3922,7950.09,9691.6
12-08-2024,6942,8011.17,10271.41
21-08-2024,6352,6167.38,4604.82
21-04-2024,1992,8233.59,6964.57
23-06-2024,8082,1898.05,2577.29
13-09-2024,9643,2160.7,2386.41
14-09-2024,6144,6961.1,5039.93
28-05-2024,4384,1555.73,1575.66
04-10-2024,5986,8440.57,9992.64
31-03-2024,5076,3076.03,2056.09
25-04-2024,5331,7336.36,10115.96
22-10-2024,1086,8417.69,11400.28
27-01-2024,3488,8021.6,10367.52
08-11-2024,7513,693.17,547.47
14-03-2024,5773,5699.1,5014.6
26-01-2024,8454,7671.61,5605.38
15-10-2024,8317,1501.07,1861.99
18-11-2024,8548,1111.31,1052.72
29-10-2024,1300,9618.69,12787.34
26-10-2024,2551,6212.25,5957.05
10-01-2024,8789,1513.26,1687.67
17-03-2024,5958,4448.06,5709.41
26-12-2024,8022,1406.52,1085.78
24-10-2024,4621,3453.46,3719.64
08-09-2024,8326,7795.35,6541.23
11-03-2024,3044,4341.98,3878.85
12-09-2024,3560,4029.02,3060.06
21-08-2024,6956,4656.78,4136.25
11-12-2024,2034,3214.37,3648.03
04-03-2024,6267,3942.57,4879.16
23-12-2024,1291,3644.61,4790.13
16-01-2024,4936,3615.8,3144.65
14-02-2024,8636,1397.87,930.86
17-05-2024,2901,4641.76,5834.01
10-03-2024,7957,2950.35,3153.67
08-09-2024,4384,1475.98,1388.21
31-05-2024,2822,1980.55,2085.34
22-04-2024,8380,5464.7,6593.71
03-02-2024,4247,6173.85,6514.06
21-06-2024,5293,8997.52,6201.52
21-10-2024,7295,124.93,114.12
22-07-2024,4126,3211.85,3897.09
18-07-2024,7222,9867.09,7558.93
20-11-2024,8707,4838.84,5356.4
16-02-2024,5962,5151.24,3766.46
26-03-2024,7092,731.82,442.85
04-12-2024,3855,9383.01,8565.6
07-08-2024,6590,568.67,519.43
27-04-2024,7217,6460.28,6132.07
22-05-2024,6967,1065.07,1474.08
30-04-2024,3778,3195.54,2234.05
01-05-2024,8691,5728.21,6288.18
21-12-2024,6883,7955.08,7314.16
10-06-2024,3926,8187.35,8686.13
29-12-2024,2919,1068.17,946.05
06-02-2024,8370,4500.56,2832.52
07-06-2024,4872,8056.58,7156.46
09-05-2024,3017,2554.76,3528.01
15-07-2024,1083,6034.34,6220.1
22-12-2024,4102,7865.15,7446.78
20-03-2024,4410,1756.02,1709.04
13-06-2024,3790,7669.26,7363.7
02-05-2024,5556,8140.84,10886.36
26-06-2024,4845,8420.01,8327.79
26-02-2024,3276,9989.43,6140.39
29-05-2024,7965,9013.76,7403.06
25-11-2024,4207,8066.19,10226.12
20-08-2024,8680,1999.55,2262.64
19-07-2024,3734,5511.11,3502.26
19-03-2024,8912,9449.19,8730.32
06-12-2024,2989,9386.22,6153.07
30-05-2024,5132,672.09,646.97
21-11-2024,7671,2611.47,1771.41
09-04-2024,3394,6324.09,6312.25
06-04-2024,3464,7931.77,9518.88
22-06-2024,7595,7444.17,8572.66
17-12-2024,8945,4167.97,3319.29
24-06-2024,4587,5069.59,3257.69
29-11-2024,6456,4073.44,4808.88
08-05-2024,1869,6826.88,6098.94
07-09-2024,7706,3629.98,4683.71
08-10-2024,3124,6237.46,5112.42
22-02-2024,1970,7225.39,6295.23
12-05-2024,2520,7595.08,8171
11-04-2024,5172,4064.43,3082.14
15-05-2024,4950,5874.16,7784.83
13-05-2024,7566,2001.46,2260.91
07-02-2024,2720,8418.47,10167.21
18-02-2024,2266,8855.32,6089.64
04-04-2024,4082,3531.87,3343.03
06-06-2024,7346,7470.5,8121.15
02-03-2024,4414,8450.47,10712.26
23-12-2024,5559,8684.14,7037.44
08-10-2024,4836,3019.1,3832.27
