customer_id,signup_date,segment,city,lifetime_value,last_purchase_date
1,22-07-2023,Medium-Value,Mumbai,24594.81,30-07-2024
2,27-01-2024,Medium-Value,Kolkata,44409.93,21-12-2024
3,13-08-2023,Medium-Value,Hyderabad,35323.3,14-05-2024
4,28-01-2023,Medium-Value,Delhi,39104,05-05-2023
5,14-09-2024,High-Value,Hyderabad,12958.84,16-09-2025
6,26-01-2024,Low-Value,Mumbai,18112.92,11-09-2024
7,10-02-2023,Low-Value,Kolkata,6552.12,21-04-2023
8,17-12-2023,Low-Value,Chennai,41617.86,30-12-2024
9,10-07-2023,Medium-Value,Bengaluru,1832.36,17-09-2023
10,20-04-2024,Medium-Value,Kolkata,5311.48,14-08-2025
11,03-02-2023,Low-Value,Mumbai,39304.16,31-10-2023
12,25-11-2023,Medium-Value,Hyderabad,43703.11,02-08-2024
13,19-10-2024,Low-Value,Delhi,8597.32,09-05-2025
14,07-10-2023,Medium-Value,Hyderabad,16331.44,04-05-2024
15,09-07-2023,High-Value,Hyderabad,29083.53,09-09-2024
16,27-02-2023,Low-Value,Delhi,2674.29,16-09-2024
17,01-11-2023,High-Value,Bengaluru,17779.2,07-10-2024
18,10-03-2024,Medium-Value,Kolkata,33844.77,08-08-2024
19,25-05-2024,High-Value,Kolkata,8660.87,26-11-2024
20,27-07-2024,Medium-Value,Pune,10816.78,11-12-2025
21,12-11-2024,Low-Value,Pune,25140.37,06-04-2026
22,29-06-2024,Medium-Value,Kolkata,32979.35,05-08-2024
23,10-06-2024,High-Value,Delhi,46200.96,22-12-2025
24,08-02-2024,Medium-Value,Bengaluru,25656.5,23-08-2025
25,14-07-2023,Low-Value,Pune,45084.48,11-09-2024
26,25-01-2024,Medium-Value,Delhi,34611.47,26-02-2025
27,04-02-2024,Low-Value,Delhi,23585.89,30-03-2025
28,02-04-2024,Medium-Value,Mumbai,36690.64,22-09-2024
29,21-02-2023,Medium-Value,Delhi,2367.1,28-08-2024
30,22-06-2024,Medium-Value,Pune,39832.42,21-12-2025
31,13-01-2024,Low-Value,Kolkata,31033.44,16-05-2024
32,16-03-2023,Medium-Value,Chennai,32145.25,06-04-2023
33,20-07-2023,Medium-Value,Delhi,44931.16,08-09-2023
34,07-03-2024,Low-Value,Kolkata,12529.86,15-04-2025
35,03-12-2023,Medium-Value,Chennai,12228.8,08-08-2024
36,23-03-2023,Low-Value,Delhi,39839.14,03-05-2023
37,22-07-2024,Low-Value,Mumbai,33524.46,26-10-2025
38,19-11-2024,Low-Value,Hyderabad,32127.66,06-06-2026
39,15-01-2023,Medium-Value,Hyderabad,10069.85,04-02-2024
40,03-03-2024,Low-Value,Delhi,19374.73,01-09-2024
41,23-05-2024,Low-Value,Hyderabad,39454.27,16-10-2024
42,24-01-2023,Low-Value,Kolkata,6074.58,19-01-2024
43,06-12-2024,Medium-Value,Delhi,40956.86,27-04-2025
44,14-09-2023,High-Value,Pune,38391.84,25-01-2024
45,23-04-2024,Medium-Value,Kolkata,30600.36,14-03-2025
46,10-06-2024,Low-Value,Hyderabad,20971.47,12-08-2025
47,07-07-2023,Medium-Value,Chennai,22639.43,15-10-2024
48,10-11-2024,Low-Value,Delhi,17902.58,18-05-2026
49,20-05-2023,Medium-Value,Delhi,18441.44,11-06-2024
50,16-03-2024,Low-Value,Kolkata,7561.42,22-04-2024
51,24-11-2024,Medium-Value,Kolkata,47633.7,22-01-2026
52,17-04-2024,High-Value,Mumbai,13815.81,16-08-2024
53,14-08-2024,Medium-Value,Hyderabad,44556.09,19-02-2026
54,10-07-2023,Medium-Value,Chennai,2147.43,20-07-2024
55,23-07-2023,High-Value,Pune,48815.17,16-08-2024
56,23-09-2024,Medium-Value,Hyderabad,26603.16,06-10-2024
57,05-11-2024,Medium-Value,Hyderabad,20051.2,02-01-2025
58,13-02-2023,Medium-Value,Bengaluru,8234.22,18-04-2024
59,17-04-2024,Medium-Value,Pune,35740.15,18-06-2024
60,19-01-2024,Medium-Value,Delhi,34846.51,09-04-2025
61,24-08-2023,High-Value,Chennai,21613.81,24-02-2025
62,06-10-2023,Medium-Value,Mumbai,36153.45,12-01-2024
63,19-07-2024,Low-Value,Pune,23670.45,21-10-2024
64,27-11-2024,Medium-Value,Kolkata,36596.32,02-05-2025
65,05-11-2024,Low-Value,Pune,9308.55,11-01-2026
66,24-06-2023,Medium-Value,Pune,1842.71,29-03-2024
67,04-05-2023,Medium-Value,Bengaluru,9353.46,12-10-2024
68,04-07-2024,Medium-Value,Hyderabad,28935.73,30-03-2025
69,14-08-2024,Low-Value,Chennai,39855.24,09-10-2025
70,01-12-2023,Medium-Value,Chennai,8509.35,08-08-2024
71,25-07-2023,Medium-Value,Pune,40315.02,31-10-2023
72,19-11-2023,Medium-Value,Hyderabad,3790.91,25-12-2023
73,23-02-2024,Medium-Value,Bengaluru,30571.94,25-04-2025
74,12-09-2023,Low-Value,Bengaluru,9912.5,04-12-2024
75,14-05-2023,Low-Value,Mumbai,14662.08,16-03-2024
76,04-11-2023,High-Value,Chennai,6507.49,25-06-2025
77,27-12-2024,Low-Value,Bengaluru,9312.92,24-06-2025
78,06-08-2023,High-Value,Pune,19782.34,21-04-2024
79,04-09-2023,Medium-Value,Hyderabad,7601.64,23-04-2025
80,31-07-2024,Medium-Value,Kolkata,31399.07,12-12-2025
81,04-11-2024,Medium-Value,Chennai,25358.44,26-06-2026
82,27-02-2024,Medium-Value,Kolkata,1870.66,12-05-2025
83,30-06-2023,Medium-Value,Pune,10648.63,15-05-2024
84,09-05-2023,High-Value,Bengaluru,3786.94,16-07-2024
85,22-10-2024,Medium-Value,Mumbai,9020.44,30-04-2025
86,05-04-2023,Low-Value,Bengaluru,46471.76,12-11-2024
87,24-06-2024,Medium-Value,Hyderabad,39609.81,19-02-2025
88,04-03-2023,Low-Value,Mumbai,13081.47,17-03-2023
89,14-11-2023,Medium-Value,Hyderabad,28009.69,07-11-2024
90,23-12-2024,Medium-Value,Hyderabad,31564.55,28-03-2026
91,25-05-2024,Medium-Value,Kolkata,19534.11,01-05-2025
92,22-03-2024,Medium-Value,Chennai,37435.9,28-08-2025
93,11-02-2023,Medium-Value,Mumbai,22756.55,13-06-2023
94,20-11-2023,High-Value,Delhi,39273.52,06-12-2023
95,08-01-2024,High-Value,Mumbai,28313.66,06-09-2024
96,29-09-2024,High-Value,Bengaluru,29769.52,09-02-2025
97,27-03-2023,Medium-Value,Kolkata,7689.86,22-04-2023
98,29-03-2023,Medium-Value,Hyderabad,8886.28,28-05-2023
99,13-03-2024,Low-Value,Kolkata,25994,10-07-2024
100,09-11-2024,Medium-Value,Mumbai,28433.03,27-11-2025
101,25-01-2024,High-Value,Chennai,15394.26,12-03-2025
102,26-07-2024,Medium-Value,Kolkata,10571.52,13-03-2025
103,12-11-2024,High-Value,Mumbai,27277.37,01-06-2026
104,07-12-2023,Low-Value,Kolkata,17193.32,22-03-2025
105,20-04-2024,Low-Value,Bengaluru,2246.92,04-06-2024
106,21-11-2024,High-Value,Delhi,47969.82,27-01-2025
107,21-03-2023,Low-Value,Kolkata,35148.18,21-03-2024
108,05-09-2023,Medium-Value,Mumbai,11193.67,10-01-2025
109,07-02-2023,Low-Value,Delhi,42069.4,01-04-2024
110,12-02-2023,Medium-Value,Delhi,21791.73,23-11-2023
111,15-12-2023,Low-Value,Kolkata,9376.21,13-03-2024
112,09-01-2024,Medium-Value,Mumbai,42238.17,12-05-2024
113,20-10-2024,Medium-Value,Hyderabad,30488.15,10-09-2025
114,07-08-2023,Low-Value,Bengaluru,9092.79,03-03-2024
115,10-06-2023,Medium-Value,Mumbai,26181.8,03-12-2024
116,01-04-2023,Medium-Value,Kolkata,28804,17-02-2024
117,06-08-2023,High-Value,Kolkata,19762.19,11-09-2024
118,11-07-2024,Low-Value,Chennai,27552.97,19-06-2025
119,01-10-2023,Low-Value,Bengaluru,14291.37,08-01-2024
120,19-01-2024,Medium-Value,Kolkata,12265.41,07-07-2024
121,12-03-2023,Medium-Value,Chennai,33117.61,04-04-2023
122,28-09-2023,Low-Value,Delhi,44827.96,16-03-2024
123,11-02-2023,Low-Value,Chennai,27235.88,24-07-2023
124,12-10-2024,Medium-Value,Bengaluru,32112.26,24-10-2025
125,07-05-2023,Low-Value,Kolkata,42674.07,17-06-2024
126,15-12-2024,Medium-Value,Delhi,16362.53,02-01-2025
127,22-05-2024,Medium-Value,Mumbai,25676.74,28-03-2025
128,05-11-2024,Medium-Value,Chennai,33813.09,30-04-2025
129,23-12-2024,Low-Value,Pune,42882.33,28-12-2025
130,09-03-2024,Medium-Value,Bengaluru,2803.99,20-09-2025
131,12-05-2023,Low-Value,Bengaluru,49968.24,29-07-2023
132,11-01-2023,Medium-Value,Pune,46206.1,17-02-2024
133,15-08-2024,Medium-Value,Chennai,5303.99,11-02-2026
134,22-08-2023,Low-Value,Chennai,41732.15,17-10-2024
135,07-10-2023,Low-Value,Hyderabad,37677.5,16-04-2025
136,26-01-2023,Low-Value,Kolkata,44872.78,23-09-2023
137,19-03-2024,Medium-Value,Pune,6633.1,17-09-2024
138,25-09-2024,Medium-Value,Kolkata,36432.55,05-12-2024
139,26-08-2023,High-Value,Chennai,6354.36,13-08-2024
140,01-01-2024,Medium-Value,Delhi,47148.47,22-08-2024
141,19-06-2024,Medium-Value,Chennai,6008.81,21-01-2025
142,14-09-2023,Medium-Value,Mumbai,45417.58,21-10-2024
143,19-05-2024,Low-Value,Kolkata,21782.3,05-10-2025
144,27-04-2023,Medium-Value,Mumbai,37328.69,23-09-2023
145,12-11-2023,Medium-Value,Pune,20986.98,07-06-2024
146,15-02-2024,High-Value,Chennai,45954.32,06-04-2024
147,18-02-2023,Low-Value,Chennai,19721.03,30-05-2024
148,08-01-2023,Low-Value,Kolkata,23249.69,03-09-2023
149,29-02-2024,Medium-Value,Bengaluru,46476.8,11-04-2024
150,09-12-2024,High-Value,Bengaluru,16560.27,24-03-2026
151,07-05-2023,Low-Value,Pune,7298.17,29-07-2023
152,29-05-2023,Low-Value,Hyderabad,14583.09,21-08-2024
153,01-03-2023,Low-Value,Hyderabad,40746.92,13-10-2024
154,03-12-2023,Medium-Value,Pune,25940.6,26-02-2024
155,18-04-2024,Low-Value,Chennai,7619.74,15-10-2025
156,15-01-2023,Medium-Value,Delhi,1248.53,10-04-2024
157,17-09-2024,Medium-Value,Kolkata,36876.52,18-08-2025
158,19-08-2024,High-Value,Pune,7688.18,12-04-2025
159,11-06-2023,Medium-Value,Hyderabad,29548.31,18-08-2023
160,29-12-2023,Medium-Value,Chennai,27982.14,07-07-2025
161,10-07-2024,Medium-Value,Kolkata,47383.87,15-05-2025
162,09-01-2024,Medium-Value,Kolkata,30510,30-07-2024
163,23-08-2024,Low-Value,Delhi,37114.21,20-11-2024
164,17-05-2024,Low-Value,Bengaluru,46268.11,02-11-2024
165,14-05-2023,Medium-Value,Kolkata,3292.89,08-03-2024
166,01-12-2023,High-Value,Delhi,46634.33,27-12-2024
167,25-12-2024,Low-Value,Delhi,34300.61,05-06-2025
168,23-07-2023,Medium-Value,Delhi,7798.34,05-02-2024
169,04-05-2024,Low-Value,Bengaluru,24331.58,16-10-2024
170,16-02-2023,Medium-Value,Hyderabad,2492,05-02-2024
171,31-07-2024,Medium-Value,Delhi,35773.02,28-02-2026
172,08-12-2024,Medium-Value,Kolkata,49117.97,22-04-2026
173,17-12-2024,High-Value,Bengaluru,8957.79,10-04-2025
174,13-03-2023,Low-Value,Hyderabad,26986.53,21-09-2023
175,11-05-2024,Medium-Value,Bengaluru,43960.62,11-12-2025
176,12-05-2023,Low-Value,Chennai,39174.35,21-09-2024
177,21-01-2023,High-Value,Kolkata,32170.24,27-03-2023
178,22-05-2023,Low-Value,Mumbai,34582.36,28-03-2024
179,22-01-2023,Medium-Value,Pune,38324.57,09-08-2023
180,02-01-2024,Low-Value,Hyderabad,25840.93,17-01-2025
181,20-10-2024,Medium-Value,Chennai,12070.69,08-04-2026
182,12-08-2024,High-Value,Hyderabad,32402.38,10-01-2025
183,05-12-2024,High-Value,Kolkata,39655.31,22-01-2025
184,21-08-2023,Low-Value,Pune,43216.17,04-09-2023
185,15-12-2024,Low-Value,Kolkata,13922.96,16-07-2025
186,16-04-2024,Medium-Value,Bengaluru,7031.91,16-11-2024
187,28-09-2024,Medium-Value,Hyderabad,40099.96,14-03-2025
188,21-07-2023,High-Value,Kolkata,9389.14,09-09-2024
189,01-08-2023,Low-Value,Pune,9985,04-12-2023
190,23-04-2023,Low-Value,Hyderabad,25923.35,24-09-2023
191,03-04-2024,Low-Value,Chennai,47404.84,20-02-2025
192,07-09-2024,Low-Value,Pune,5867.38,15-03-2026
193,27-06-2024,High-Value,Bengaluru,634.39,09-11-2024
194,24-09-2023,Medium-Value,Pune,7635.45,13-04-2025
195,27-11-2024,Low-Value,Hyderabad,42709.31,05-07-2026
196,12-12-2024,High-Value,Bengaluru,9974.3,19-02-2025
197,17-02-2023,Medium-Value,Hyderabad,28062.42,08-04-2024
198,26-07-2023,Low-Value,Kolkata,36544.11,26-11-2024
199,16-08-2024,Medium-Value,Mumbai,48315.4,28-09-2025
200,02-12-2023,High-Value,Pune,42850.53,24-06-2024
201,26-10-2024,Medium-Value,Chennai,13784.9,22-06-2025
202,20-10-2023,Medium-Value,Pune,11400.4,08-06-2025
203,01-07-2023,Low-Value,Kolkata,17589.96,05-11-2023
204,03-01-2024,Low-Value,Kolkata,822.83,16-01-2025
205,21-12-2023,Medium-Value,Mumbai,20407.07,24-05-2025
206,29-04-2023,High-Value,Delhi,9915.31,02-07-2024
207,25-01-2024,Medium-Value,Pune,49938.29,21-05-2024
208,23-08-2024,Low-Value,Mumbai,4481.93,20-06-2025
209,13-06-2024,Medium-Value,Delhi,44508.42,27-06-2025
210,29-01-2023,Low-Value,Bengaluru,5417.66,07-05-2024
211,10-08-2024,Medium-Value,Mumbai,29673.23,21-04-2025
212,08-01-2023,Medium-Value,Kolkata,24848.34,04-04-2023
213,02-04-2023,Medium-Value,Pune,9012.8,26-05-2024
214,21-07-2024,High-Value,Chennai,21024.64,09-01-2025
215,16-10-2024,High-Value,Chennai,24402.18,17-08-2025
216,19-11-2023,Medium-Value,Kolkata,26686.96,08-06-2024
217,28-07-2023,Medium-Value,Pune,10234.94,11-12-2023
218,16-03-2024,Low-Value,Chennai,10060.7,09-10-2024
219,01-07-2024,Medium-Value,Kolkata,18572.91,13-11-2025
220,26-04-2024,Medium-Value,Delhi,18114.54,26-05-2024
221,14-08-2024,Medium-Value,Hyderabad,44797.25,14-05-2025
222,22-02-2023,Low-Value,Bengaluru,43380.24,22-02-2024
223,17-11-2023,High-Value,Pune,47551,16-12-2023
224,26-04-2023,High-Value,Bengaluru,3582.77,10-09-2024
225,19-04-2023,High-Value,Hyderabad,12642.74,15-03-2024
226,23-02-2023,Low-Value,Pune,28751.97,18-03-2023
227,19-07-2023,High-Value,Kolkata,13657.46,17-02-2025
228,13-07-2024,Low-Value,Pune,36154.65,17-10-2024
229,23-08-2024,Medium-Value,Delhi,19182.72,30-03-2026
230,10-06-2024,Low-Value,Mumbai,27617.4,18-09-2024
231,13-03-2023,High-Value,Delhi,37528.15,24-09-2023
232,26-08-2024,Low-Value,Hyderabad,27174.69,09-04-2026
233,01-05-2024,Low-Value,Chennai,41596.47,03-09-2024
234,21-12-2024,Medium-Value,Hyderabad,29447.08,31-01-2026
235,31-05-2024,Low-Value,Chennai,11726.37,05-12-2024
236,17-07-2024,Medium-Value,Mumbai,34946.26,03-09-2024
237,06-10-2024,Low-Value,Delhi,24424.94,15-02-2026
238,03-02-2024,Medium-Value,Chennai,20745.74,04-03-2025
239,15-02-2023,High-Value,Hyderabad,8297.04,27-08-2024
240,25-01-2023,Medium-Value,Bengaluru,44115.35,27-12-2023
241,12-06-2024,Low-Value,Chennai,12099.51,11-09-2025
242,03-08-2024,Low-Value,Mumbai,22117.97,09-02-2025
243,07-09-2023,Medium-Value,Delhi,36805.95,27-05-2024
244,26-03-2024,Low-Value,Kolkata,23658.71,14-08-2024
245,25-12-2023,Low-Value,Hyderabad,29597.17,22-01-2024
246,20-05-2023,Low-Value,Delhi,1253.01,04-04-2024
247,12-04-2024,Medium-Value,Mumbai,30349.67,01-11-2024
248,27-05-2024,Low-Value,Delhi,35212.17,05-08-2024
249,16-05-2024,Low-Value,Delhi,20121.84,18-12-2024
250,16-11-2023,Low-Value,Kolkata,41844.23,19-07-2024
251,05-05-2023,Medium-Value,Delhi,43092.63,14-05-2023
252,30-04-2023,Medium-Value,Delhi,41380.02,13-12-2023
253,29-10-2023,Medium-Value,Kolkata,31705.28,25-04-2025
254,23-06-2023,Low-Value,Bengaluru,46309.82,20-12-2024
255,02-06-2024,Medium-Value,Pune,48344.79,19-11-2025
256,04-02-2024,Medium-Value,Delhi,47448.36,21-11-2024
257,23-07-2023,Medium-Value,Pune,31520.55,08-02-2025
258,27-12-2024,Low-Value,Bengaluru,6677.57,08-07-2025
259,25-01-2024,Medium-Value,Kolkata,41107.78,21-05-2024
260,08-01-2023,Medium-Value,Delhi,44900.25,25-03-2023
261,11-06-2023,Medium-Value,Bengaluru,16218.25,26-08-2024
262,18-12-2024,Low-Value,Delhi,3882.12,16-05-2025
263,18-09-2023,Medium-Value,Kolkata,14981.71,25-10-2024
264,25-10-2023,High-Value,Mumbai,48486.77,19-10-2024
265,14-05-2023,Low-Value,Hyderabad,19979.79,12-08-2023
266,10-06-2024,High-Value,Delhi,14627.8,12-09-2025
267,20-11-2024,Medium-Value,Kolkata,30342.05,17-02-2026
268,21-12-2024,High-Value,Bengaluru,43308.8,19-09-2025
269,10-08-2023,Medium-Value,Bengaluru,25672.78,27-02-2024
270,25-05-2024,Medium-Value,Hyderabad,3913.05,19-06-2024
271,04-12-2023,Medium-Value,Hyderabad,1792.42,27-04-2025
272,17-05-2024,Medium-Value,Pune,24934.72,19-11-2025
273,12-08-2023,Medium-Value,Delhi,28229.07,25-08-2024
274,25-10-2024,Medium-Value,Delhi,49170.64,09-01-2025
275,16-04-2023,Medium-Value,Chennai,23761.8,05-05-2023
276,05-05-2023,Medium-Value,Bengaluru,32854.41,25-11-2023
277,20-07-2024,Medium-Value,Pune,1425.72,18-10-2025
278,31-07-2024,High-Value,Mumbai,13195.59,25-10-2025
279,09-03-2024,Low-Value,Hyderabad,49587.6,09-10-2025
280,14-05-2024,Medium-Value,Hyderabad,28026.57,17-07-2025
281,25-08-2023,Low-Value,Bengaluru,43363.87,23-04-2024
282,24-06-2024,Medium-Value,Bengaluru,2396.48,16-08-2025
283,04-06-2024,Medium-Value,Kolkata,43956.2,22-06-2025
284,28-09-2024,Medium-Value,Bengaluru,21944.05,05-02-2025
285,29-04-2023,Medium-Value,Chennai,40137.89,25-07-2023
286,17-10-2024,Medium-Value,Hyderabad,33557.86,23-08-2025
287,24-09-2024,High-Value,Pune,46278.9,03-02-2025
288,08-03-2024,Medium-Value,Bengaluru,26402.94,30-03-2024
289,23-10-2023,Medium-Value,Bengaluru,21948.64,04-07-2024
290,15-02-2023,High-Value,Pune,41404.56,18-04-2024
291,26-07-2024,Medium-Value,Mumbai,38708.03,01-04-2025
292,07-08-2023,High-Value,Bengaluru,15911.33,29-10-2023
293,30-08-2023,High-Value,Hyderabad,49321.72,24-12-2023
294,18-06-2023,Medium-Value,Chennai,49576.09,19-09-2024
295,13-05-2023,Medium-Value,Bengaluru,14213.18,05-01-2024
296,19-12-2023,Medium-Value,Mumbai,35419.49,21-05-2025
297,12-07-2024,Medium-Value,Chennai,49671.32,29-07-2024
298,21-05-2024,Medium-Value,Mumbai,47072.74,06-06-2025
299,05-03-2023,Medium-Value,Delhi,26333.44,05-06-2023
300,18-09-2023,High-Value,Delhi,29152.03,13-12-2024
301,24-06-2023,Low-Value,Pune,10495.12,17-10-2024
302,04-03-2023,High-Value,Chennai,26813.71,17-11-2023
303,05-12-2024,Medium-Value,Delhi,1198.08,06-04-2026
304,14-09-2024,High-Value,Pune,21241.85,14-02-2025
305,20-12-2024,Low-Value,Bengaluru,48309.73,30-03-2025
306,23-05-2024,Low-Value,Kolkata,19101.74,18-11-2025
307,01-01-2023,High-Value,Mumbai,42418.12,22-04-2023
308,19-07-2023,Low-Value,Chennai,23616.05,18-09-2023
309,10-05-2024,Medium-Value,Mumbai,28996.97,22-04-2025
310,02-04-2023,Medium-Value,Bengaluru,48219.03,12-09-2024
311,14-12-2023,Medium-Value,Chennai,12739.06,27-03-2025
312,09-12-2023,Low-Value,Mumbai,27194.19,22-05-2024
313,07-09-2024,Low-Value,Delhi,7438.86,25-02-2026
314,17-12-2023,Low-Value,Hyderabad,9587.75,15-07-2024
315,04-03-2024,Low-Value,Pune,44042.66,12-06-2025
316,18-11-2023,Low-Value,Bengaluru,16322.6,11-06-2025
317,30-04-2023,Medium-Value,Chennai,11000.35,22-07-2024
318,25-04-2024,Medium-Value,Delhi,6447.8,19-08-2024
319,01-02-2024,Medium-Value,Kolkata,23110.15,14-07-2024
320,12-03-2023,Medium-Value,Kolkata,16670.83,19-08-2024
321,14-05-2024,High-Value,Hyderabad,9849.73,13-01-2025
322,06-05-2023,Medium-Value,Mumbai,32592.3,02-05-2024
323,19-04-2023,Low-Value,Delhi,21291.26,20-06-2024
324,23-11-2024,Low-Value,Delhi,37960.91,08-04-2026
325,21-07-2024,Low-Value,Chennai,7502.28,23-10-2025
326,18-06-2023,Low-Value,Mumbai,44726.2,19-02-2024
327,17-06-2024,Medium-Value,Delhi,12111.65,24-08-2025
328,09-08-2023,Medium-Value,Bengaluru,43413.29,28-10-2024
329,08-04-2023,Low-Value,Kolkata,19020.61,05-07-2024
330,27-08-2024,High-Value,Chennai,22153.37,22-07-2025
331,24-12-2024,High-Value,Hyderabad,19896.5,07-06-2025
332,14-01-2024,High-Value,Chennai,34922.85,09-04-2024
333,16-04-2024,Medium-Value,Delhi,22180.9,04-06-2024
334,08-07-2024,Low-Value,Hyderabad,19127.57,03-08-2024
335,05-03-2024,Medium-Value,Hyderabad,15997.35,02-08-2025
336,18-08-2024,Low-Value,Bengaluru,26297.77,07-10-2024
337,15-10-2024,Medium-Value,Pune,15177.5,15-03-2026
338,27-05-2023,Medium-Value,Chennai,2424.32,21-08-2023
339,04-10-2023,Low-Value,Hyderabad,34979.73,15-06-2024
340,22-04-2023,High-Value,Kolkata,27625.46,10-06-2023
341,14-03-2023,High-Value,Kolkata,5865.06,11-07-2024
342,22-04-2024,High-Value,Hyderabad,48504.77,20-10-2024
343,15-08-2024,Medium-Value,Hyderabad,7686.99,12-02-2026
344,01-04-2024,Low-Value,Delhi,1781.14,06-06-2024
345,12-08-2023,Medium-Value,Delhi,31751.17,04-03-2024
346,04-01-2024,Low-Value,Kolkata,15940.64,10-08-2024
347,30-05-2023,Medium-Value,Kolkata,35468.21,20-01-2024
348,28-11-2024,High-Value,Mumbai,40274.83,27-02-2025
349,11-11-2023,Medium-Value,Kolkata,1915.5,17-04-2024
350,14-08-2024,Low-Value,Delhi,19120.58,02-04-2025
351,08-12-2024,Medium-Value,Hyderabad,7151.6,18-12-2024
352,04-07-2024,Low-Value,Pune,25166.53,06-10-2024
353,16-07-2024,Medium-Value,Mumbai,7028.02,27-11-2025
354,15-09-2024,Low-Value,Chennai,30399.6,01-10-2025
355,31-08-2023,Medium-Value,Bengaluru,47594.67,29-09-2024
356,16-10-2023,Low-Value,Hyderabad,41423.53,06-03-2025
357,20-07-2024,High-Value,Kolkata,10914.34,30-09-2024
358,30-07-2024,Medium-Value,Pune,17251.31,07-08-2025
359,12-07-2024,Low-Value,Kolkata,30499.07,16-02-2026
360,24-08-2023,Low-Value,Delhi,35378.57,29-06-2024
361,24-04-2024,Low-Value,Mumbai,14389.09,14-10-2024
362,29-04-2023,Medium-Value,Pune,31506.07,03-06-2023
363,22-06-2024,High-Value,Pune,20326.1,04-10-2025
364,19-03-2023,Low-Value,Kolkata,9248.55,17-07-2023
365,16-08-2023,Low-Value,Delhi,37489.24,20-03-2025
366,23-05-2024,Low-Value,Kolkata,44875.18,30-05-2024
367,02-06-2023,Medium-Value,Pune,3366.33,14-11-2023
368,24-05-2024,Medium-Value,Chennai,7789.17,05-05-2025
369,22-03-2023,High-Value,Bengaluru,13760.53,13-01-2024
370,26-03-2023,High-Value,Hyderabad,26088.59,14-11-2023
371,19-02-2024,Medium-Value,Delhi,14543.71,14-11-2024
372,31-08-2024,Medium-Value,Mumbai,15629.37,07-02-2025
373,13-01-2024,Medium-Value,Kolkata,18590,19-12-2024
374,26-03-2023,Medium-Value,Chennai,4198.34,02-05-2023
375,02-03-2023,Low-Value,Mumbai,27857.05,20-10-2024
376,12-07-2023,High-Value,Kolkata,18107.78,21-07-2023
377,17-11-2023,Medium-Value,Chennai,6727.84,20-05-2024
378,31-10-2023,Medium-Value,Chennai,33950.98,06-11-2023
379,25-12-2024,Medium-Value,Kolkata,10797.06,21-05-2025
380,06-06-2023,Low-Value,Chennai,27761.57,13-10-2024
381,03-03-2024,Medium-Value,Kolkata,22951.69,15-05-2025
382,15-12-2024,Medium-Value,Chennai,2821.08,11-04-2026
383,11-09-2024,Low-Value,Kolkata,1360.57,27-10-2025
384,27-04-2023,Low-Value,Kolkata,45341.21,06-08-2024
385,06-05-2023,Medium-Value,Pune,17894.07,04-09-2024
386,16-06-2023,Medium-Value,Chennai,30646.74,19-01-2024
387,29-11-2024,Low-Value,Pune,29718.25,08-07-2025
388,17-12-2024,Low-Value,Delhi,43768.66,16-02-2026
389,01-12-2023,Medium-Value,Pune,4651.87,19-09-2024
390,07-01-2023,High-Value,Mumbai,25203.26,23-09-2023
391,20-12-2023,Low-Value,Pune,21213.27,02-07-2025
392,06-12-2024,Medium-Value,Pune,22100.71,21-01-2025
393,18-08-2023,Medium-Value,Pune,27203.38,29-08-2023
394,14-12-2024,High-Value,Kolkata,17544.16,18-02-2025
395,06-02-2024,Medium-Value,Pune,35630.6,29-01-2025
396,29-07-2023,Low-Value,Mumbai,42944.86,10-06-2024
397,06-07-2023,Medium-Value,Chennai,49318.53,05-01-2025
398,20-05-2023,Medium-Value,Bengaluru,48297.53,10-03-2024
399,14-04-2023,Medium-Value,Kolkata,24918.16,22-11-2023
400,30-08-2023,Medium-Value,Kolkata,7261.9,15-07-2024
401,12-11-2023,Medium-Value,Chennai,23082.32,27-01-2024
402,10-04-2024,Low-Value,Delhi,48856.77,21-08-2025
403,12-10-2023,High-Value,Chennai,20811.98,14-08-2024
404,10-05-2023,Low-Value,Kolkata,26864.73,23-02-2024
405,22-01-2023,Medium-Value,Pune,12142.55,16-04-2023
406,04-05-2024,Low-Value,Hyderabad,19199.93,25-10-2025
407,04-05-2024,High-Value,Hyderabad,47620.37,02-11-2025
408,16-10-2023,Low-Value,Kolkata,48779.55,20-02-2025
409,07-11-2024,Medium-Value,Mumbai,46110.49,19-01-2026
410,02-10-2023,Medium-Value,Kolkata,42106.07,08-04-2024
411,23-10-2023,High-Value,Bengaluru,4594.69,23-03-2025
412,13-02-2024,Medium-Value,Chennai,35771.54,29-04-2025
413,05-02-2024,Medium-Value,Pune,20358.21,19-08-2025
414,23-12-2023,Low-Value,Hyderabad,29393.38,24-03-2025
415,13-09-2023,Low-Value,Mumbai,13687.25,15-08-2024
416,18-05-2023,High-Value,Chennai,25816.52,31-05-2024
417,22-10-2023,Low-Value,Kolkata,41954.79,29-10-2023
418,28-06-2023,Medium-Value,Kolkata,28734.64,12-02-2024
419,26-05-2024,High-Value,Chennai,49147.85,25-12-2024
420,08-01-2024,Low-Value,Bengaluru,10149.37,07-04-2025
421,20-06-2023,Medium-Value,Kolkata,39211.96,13-12-2023
422,29-01-2023,Low-Value,Mumbai,38258.04,17-05-2024
423,10-09-2024,High-Value,Mumbai,10376.34,14-04-2025
424,10-03-2024,Medium-Value,Delhi,21053,21-04-2024
425,02-05-2023,High-Value,Hyderabad,17538.3,05-12-2023
426,01-01-2023,Medium-Value,Bengaluru,23766.85,25-07-2023
427,11-03-2024,Medium-Value,Chennai,19253.15,18-07-2024
428,01-09-2024,Medium-Value,Bengaluru,14773.16,11-02-2025
429,09-04-2024,Medium-Value,Hyderabad,6881.14,20-01-2025
430,17-04-2024,High-Value,Delhi,27891.7,29-09-2024
431,01-02-2024,High-Value,Delhi,33340.11,24-04-2024
432,06-10-2024,Medium-Value,Delhi,22334.12,16-02-2026
433,21-08-2023,Low-Value,Delhi,40753.73,27-11-2024
434,19-05-2023,Medium-Value,Mumbai,24570.38,21-05-2024
435,17-11-2023,Medium-Value,Delhi,24930.59,07-07-2025
436,20-04-2024,High-Value,Pune,25847.45,20-01-2025
437,08-08-2023,High-Value,Hyderabad,17537.89,28-11-2024
438,11-10-2023,Low-Value,Pune,24394.85,15-11-2023
439,06-12-2023,Medium-Value,Kolkata,32591.4,21-12-2023
440,01-01-2023,High-Value,Pune,34983.6,10-03-2023
441,20-09-2023,High-Value,Pune,49099.61,14-12-2023
442,30-06-2024,Low-Value,Mumbai,16858,23-01-2026
443,24-10-2024,Low-Value,Kolkata,24757.54,26-01-2026
444,24-07-2024,Medium-Value,Chennai,31300.82,23-11-2025
445,29-10-2023,Medium-Value,Bengaluru,39994.52,14-11-2023
446,01-06-2024,Low-Value,Bengaluru,49985.59,19-12-2025
447,03-09-2023,High-Value,Delhi,20370.98,02-02-2025
448,21-07-2024,Low-Value,Mumbai,4237.18,02-03-2026
449,01-11-2023,High-Value,Delhi,46798.4,29-02-2024
450,27-09-2023,Low-Value,Hyderabad,4479.99,28-12-2024
451,11-09-2024,Medium-Value,Pune,16233.82,27-10-2025
452,25-08-2024,Low-Value,Delhi,979.22,16-04-2026
453,25-03-2024,Low-Value,Bengaluru,14918.36,24-12-2024
454,26-12-2023,Low-Value,Pune,22113.45,27-01-2025
455,18-08-2023,Low-Value,Delhi,47636.52,20-08-2024
456,14-03-2023,High-Value,Hyderabad,41143.9,18-09-2023
457,27-03-2024,Medium-Value,Kolkata,22301.39,29-04-2024
458,28-02-2024,Medium-Value,Pune,12005.64,02-05-2025
459,14-12-2023,High-Value,Kolkata,45244.55,13-08-2024
460,11-11-2023,Medium-Value,Kolkata,25020.16,21-10-2024
461,19-02-2024,Low-Value,Chennai,27003.53,27-01-2025
462,05-11-2024,Medium-Value,Delhi,45552.56,23-06-2026
463,14-03-2023,Medium-Value,Kolkata,3818.75,15-09-2023
464,14-03-2024,High-Value,Bengaluru,9052.19,21-12-2024
465,15-09-2024,Medium-Value,Chennai,23678.49,03-10-2025
466,06-07-2024,Medium-Value,Bengaluru,12647.33,08-12-2025
467,30-09-2023,Low-Value,Pune,18493.75,21-09-2024
468,01-07-2023,Medium-Value,Chennai,7574,08-01-2024
469,24-12-2023,Medium-Value,Mumbai,4288.15,31-05-2025
470,25-09-2023,Low-Value,Bengaluru,2675.04,25-05-2024
471,01-04-2024,High-Value,Chennai,27981.79,09-04-2025
472,09-12-2024,Medium-Value,Delhi,40332.89,14-01-2025
473,07-11-2023,High-Value,Mumbai,8238.41,01-01-2025
474,01-11-2023,Low-Value,Hyderabad,44822.28,16-04-2024
475,05-12-2023,Low-Value,Mumbai,37742.06,03-05-2025
476,31-07-2023,Low-Value,Delhi,18410.68,21-11-2023
477,10-07-2024,Low-Value,Bengaluru,2882.38,22-09-2025
478,16-05-2023,Low-Value,Chennai,5416.88,29-08-2023
479,04-07-2024,Medium-Value,Chennai,5422.78,25-09-2024
480,01-04-2023,Medium-Value,Bengaluru,26960.2,05-07-2023
481,07-03-2024,Low-Value,Delhi,33530.46,19-05-2024
482,28-05-2023,Medium-Value,Chennai,7134.28,15-08-2023
483,15-10-2024,High-Value,Chennai,17737.28,10-12-2024
484,25-06-2024,High-Value,Kolkata,44417.05,20-11-2024
485,28-12-2024,High-Value,Pune,13101.43,03-09-2025
486,17-11-2024,High-Value,Bengaluru,30728.58,07-02-2026
487,27-07-2024,Medium-Value,Kolkata,8681.1,10-11-2025
488,31-01-2023,Medium-Value,Hyderabad,34696.92,10-01-2024
489,25-02-2023,Medium-Value,Pune,45003.26,05-10-2024
490,22-09-2023,Medium-Value,Chennai,28771.72,21-10-2023
491,23-02-2024,Low-Value,Kolkata,1162.39,31-01-2025
492,13-12-2023,High-Value,Delhi,32085.9,11-05-2025
493,01-11-2024,Medium-Value,Delhi,44369.04,30-12-2024
494,02-04-2023,Low-Value,Bengaluru,30664.58,07-09-2023
495,16-12-2024,Low-Value,Chennai,23970.33,09-05-2025
496,13-02-2023,High-Value,Hyderabad,28724.15,07-10-2023
497,20-05-2024,Low-Value,Bengaluru,24170.75,05-12-2025
498,12-09-2024,High-Value,Mumbai,42463.23,09-11-2025
499,23-03-2024,Medium-Value,Pune,2610.59,06-01-2025
500,07-04-2024,Medium-Value,Pune,38918.12,30-05-2025
501,29-02-2024,Medium-Value,Hyderabad,44657.93,20-09-2024
502,26-11-2023,Medium-Value,Pune,16445.57,05-03-2025
503,25-06-2023,Medium-Value,Mumbai,23082.61,01-09-2024
504,27-10-2024,High-Value,Hyderabad,1018.76,22-05-2025
505,26-12-2023,Medium-Value,Delhi,17765.42,03-02-2024
506,23-02-2023,High-Value,Chennai,1594.99,13-06-2024
507,11-06-2023,Medium-Value,Kolkata,42253.71,09-01-2024
508,13-10-2024,High-Value,Kolkata,33297.32,07-12-2024
509,30-08-2023,Medium-Value,Delhi,36674.43,21-11-2024
510,12-03-2023,High-Value,Bengaluru,22228.25,26-07-2023
511,05-08-2024,Medium-Value,Bengaluru,48834.87,29-01-2026
512,12-10-2023,Low-Value,Kolkata,10985.86,10-11-2024
513,09-11-2024,Medium-Value,Hyderabad,19382.15,17-05-2025
514,16-02-2023,Low-Value,Chennai,35364.14,02-04-2023
515,04-04-2023,Medium-Value,Kolkata,44801.07,18-09-2024
516,08-10-2023,High-Value,Mumbai,43411.21,02-08-2024
517,02-03-2024,Medium-Value,Bengaluru,2359.36,12-09-2025
518,31-01-2024,Medium-Value,Kolkata,29560.34,09-01-2025
519,05-04-2024,High-Value,Bengaluru,7212.06,13-07-2025
520,28-06-2023,Medium-Value,Bengaluru,48777.18,07-08-2024
521,09-01-2023,Low-Value,Bengaluru,21844.17,31-01-2024
522,06-07-2024,Low-Value,Delhi,40783.06,14-11-2024
523,06-09-2024,Low-Value,Chennai,3534.45,07-04-2026
524,29-09-2023,High-Value,Pune,15764.69,09-03-2024
525,30-11-2024,Medium-Value,Bengaluru,49510.19,07-04-2025
526,26-01-2024,Medium-Value,Mumbai,45318.54,17-07-2024
527,08-06-2024,Medium-Value,Kolkata,13719.06,14-07-2025
528,18-02-2023,Low-Value,Bengaluru,34592.55,29-04-2023
529,22-02-2023,Medium-Value,Kolkata,17653.89,05-08-2024
530,12-02-2024,High-Value,Kolkata,5057.09,17-07-2025
531,24-12-2024,Medium-Value,Bengaluru,12454.07,01-12-2025
532,02-02-2024,High-Value,Bengaluru,12967.71,27-03-2024
533,02-10-2023,Low-Value,Bengaluru,34437.28,24-11-2024
534,21-02-2023,Medium-Value,Hyderabad,10059.46,24-09-2024
535,11-04-2024,High-Value,Chennai,38366.84,10-12-2024
536,20-10-2023,Medium-Value,Chennai,40248.84,22-12-2023
537,31-01-2023,Medium-Value,Delhi,47837.03,29-07-2024
538,28-11-2024,High-Value,Bengaluru,31953.46,11-09-2025
539,20-10-2024,Medium-Value,Mumbai,6315.4,26-03-2025
540,21-02-2024,Medium-Value,Delhi,32390.97,10-07-2024
541,13-02-2024,Medium-Value,Mumbai,12891.46,23-06-2024
542,10-02-2023,Medium-Value,Delhi,6105.41,09-09-2024
543,24-02-2023,Low-Value,Hyderabad,12650.86,16-09-2023
544,18-03-2024,Medium-Value,Mumbai,45827.4,22-03-2025
545,02-10-2024,Medium-Value,Kolkata,10546.96,25-12-2024
546,04-07-2024,Medium-Value,Chennai,20094.4,17-09-2024
547,18-12-2024,Low-Value,Hyderabad,41623.74,16-05-2025
548,31-07-2024,Medium-Value,Hyderabad,37065.17,29-09-2025
549,07-11-2023,Low-Value,Bengaluru,42158.74,17-09-2024
550,29-07-2024,Medium-Value,Kolkata,46679.89,18-01-2026
551,16-01-2024,Medium-Value,Chennai,17097.73,03-04-2024
552,16-07-2024,Low-Value,Pune,19987.74,24-09-2024
553,18-10-2024,Medium-Value,Mumbai,30522.76,14-03-2025
554,23-03-2023,High-Value,Bengaluru,49011.81,19-01-2024
555,02-04-2023,Medium-Value,Hyderabad,8600.2,22-09-2024
556,17-07-2024,Low-Value,Mumbai,28603.6,22-12-2024
557,08-04-2023,Medium-Value,Mumbai,35255.53,13-05-2024
558,09-02-2024,Low-Value,Chennai,39062.02,12-12-2024
559,26-04-2023,Medium-Value,Hyderabad,30787.87,01-06-2023
560,21-06-2024,High-Value,Hyderabad,11747.07,19-12-2024
561,24-03-2023,High-Value,Bengaluru,49869.22,18-11-2023
562,03-11-2023,High-Value,Mumbai,48996.05,22-06-2024
563,12-04-2023,High-Value,Pune,33757.2,08-06-2023
564,18-11-2024,Low-Value,Kolkata,25195.89,14-03-2025
565,20-02-2023,Medium-Value,Chennai,35708.32,20-05-2023
566,03-11-2024,Medium-Value,Bengaluru,22075.98,06-04-2026
567,24-04-2024,Medium-Value,Bengaluru,28448.79,19-08-2024
568,24-03-2023,Low-Value,Chennai,42480.79,23-10-2024
569,25-05-2023,Medium-Value,Pune,10087.92,31-05-2024
570,30-06-2023,High-Value,Mumbai,47540.23,27-01-2024
571,01-12-2023,Medium-Value,Mumbai,20197.91,10-02-2024
572,23-10-2023,Low-Value,Mumbai,18734.69,07-11-2023
573,05-09-2024,Medium-Value,Delhi,21098.88,19-12-2024
574,23-12-2023,High-Value,Mumbai,11414.86,16-10-2024
575,20-07-2023,Medium-Value,Chennai,17945.75,16-04-2024
576,29-01-2024,Medium-Value,Hyderabad,12703.85,05-05-2025
577,22-05-2024,Low-Value,Mumbai,6132.13,30-01-2025
578,29-11-2024,Medium-Value,Chennai,2162.7,09-12-2024
579,23-01-2024,Medium-Value,Kolkata,27578.32,20-08-2025
580,07-04-2023,Medium-Value,Chennai,42469.5,11-02-2024
581,06-12-2024,Medium-Value,Chennai,27230,12-02-2026
582,05-12-2024,Medium-Value,Bengaluru,46596.94,12-11-2025
583,08-09-2023,Low-Value,Delhi,25881.39,07-01-2025
584,20-07-2024,Low-Value,Delhi,2613.01,20-10-2024
585,18-06-2023,Medium-Value,Hyderabad,42217.95,07-11-2023
586,27-05-2024,Low-Value,Chennai,7826.7,29-06-2025
587,08-07-2024,Medium-Value,Chennai,42022.25,17-10-2025
588,22-04-2023,Medium-Value,Pune,48592.51,25-07-2023
589,10-02-2024,Low-Value,Hyderabad,39230.78,14-04-2024
590,19-05-2023,Medium-Value,Pune,16296.57,09-05-2024
591,14-08-2023,Medium-Value,Bengaluru,36548.67,22-02-2024
592,09-07-2024,Low-Value,Chennai,18593.2,16-08-2025
593,07-07-2023,Low-Value,Mumbai,11574.62,05-02-2025
594,02-10-2024,High-Value,Bengaluru,3538.76,17-04-2026
595,20-12-2023,High-Value,Hyderabad,36208.83,05-01-2025
596,21-02-2023,Medium-Value,Delhi,34882.28,01-08-2023
597,18-08-2023,Low-Value,Hyderabad,41421.71,15-03-2025
598,04-07-2023,Medium-Value,Kolkata,41236.58,07-02-2025
599,23-12-2024,Medium-Value,Delhi,23508.9,04-06-2025
600,30-06-2023,Medium-Value,Delhi,9327.66,18-02-2025
601,07-10-2024,Medium-Value,Bengaluru,11060.6,18-04-2025
602,24-01-2024,Medium-Value,Pune,43051.27,30-07-2025
603,05-07-2024,Low-Value,Hyderabad,2134.29,08-09-2024
604,12-11-2024,Medium-Value,Delhi,17448.54,29-01-2025
605,06-11-2024,High-Value,Kolkata,27785.37,12-03-2026
606,01-08-2024,Medium-Value,Delhi,38376.78,14-01-2025
607,28-02-2023,Medium-Value,Delhi,31961.85,24-12-2023
608,04-04-2023,Low-Value,Kolkata,27332.03,11-06-2024
609,27-10-2024,High-Value,Delhi,13868.39,15-06-2026
610,22-04-2023,Low-Value,Pune,27585.11,30-09-2023
611,09-06-2023,High-Value,Kolkata,47375.76,03-06-2024
612,25-08-2024,Low-Value,Delhi,47312.29,22-07-2025
613,19-10-2023,Low-Value,Mumbai,46669.1,21-06-2024
614,28-07-2024,Medium-Value,Hyderabad,25479.56,03-04-2025
615,21-08-2024,Medium-Value,Hyderabad,34104.18,16-03-2026
616,05-09-2023,Low-Value,Pune,1013.63,15-08-2024
617,12-12-2023,Low-Value,Mumbai,40962.21,03-10-2024
618,12-11-2024,Low-Value,Delhi,44503.96,13-10-2025
619,10-01-2023,Medium-Value,Mumbai,49935.41,21-04-2023
620,23-01-2023,Medium-Value,Pune,44728.32,04-06-2024
621,28-05-2023,Medium-Value,Hyderabad,12616.56,22-11-2024
622,04-05-2023,Low-Value,Bengaluru,44219.32,15-07-2023
623,04-11-2024,Low-Value,Hyderabad,44865.83,20-02-2025
624,04-12-2023,Medium-Value,Pune,22898.77,22-04-2025
625,09-09-2024,Low-Value,Pune,30342.86,09-12-2024
626,28-08-2024,High-Value,Kolkata,14262.97,09-06-2025
627,01-03-2023,Medium-Value,Mumbai,25270.86,19-08-2024
628,10-05-2024,Medium-Value,Chennai,23843.27,07-07-2024
629,27-07-2024,Low-Value,Bengaluru,3223.43,14-05-2025
630,31-01-2024,Low-Value,Pune,27571.93,04-06-2025
631,22-02-2023,Medium-Value,Bengaluru,40449.68,10-03-2024
632,06-09-2024,High-Value,Pune,25075.5,19-09-2024
633,15-03-2023,Medium-Value,Kolkata,7238.28,20-03-2023
634,06-11-2024,Medium-Value,Kolkata,19370.74,24-08-2025
635,23-09-2024,Low-Value,Kolkata,45249.43,08-04-2025
636,27-09-2024,High-Value,Bengaluru,40846.49,23-04-2026
637,10-08-2023,Low-Value,Delhi,18736.89,26-01-2024
638,20-05-2024,Medium-Value,Chennai,11414.97,23-05-2025
639,09-08-2024,Medium-Value,Delhi,48269.87,23-06-2025
640,26-11-2024,Low-Value,Delhi,4076.42,18-09-2025
641,30-03-2024,Medium-Value,Bengaluru,49643.98,03-11-2024
642,28-09-2023,Low-Value,Kolkata,27441.49,05-08-2024
643,23-10-2023,High-Value,Bengaluru,35784.64,17-12-2024
644,01-11-2024,Medium-Value,Mumbai,20999.61,29-01-2026
645,02-04-2024,Low-Value,Bengaluru,46621.91,31-07-2024
646,01-01-2023,Medium-Value,Chennai,2223.35,05-02-2024
647,21-05-2023,High-Value,Pune,19262.84,05-06-2023
648,08-06-2024,Medium-Value,Mumbai,46617.78,31-08-2024
649,03-02-2024,High-Value,Mumbai,17741.8,15-02-2024
650,14-06-2023,Low-Value,Hyderabad,42934.49,12-07-2024
651,16-09-2024,Low-Value,Kolkata,39362.62,09-02-2026
652,24-06-2024,Low-Value,Hyderabad,44399.79,24-10-2024
653,09-06-2024,Medium-Value,Hyderabad,47996,28-08-2025
654,05-05-2023,High-Value,Mumbai,13928.28,08-12-2023
655,11-09-2023,Low-Value,Delhi,20687.05,07-02-2025
656,24-09-2024,Medium-Value,Bengaluru,41727.78,06-09-2025
657,26-01-2024,Low-Value,Mumbai,34846.63,15-06-2025
658,09-06-2024,Medium-Value,Mumbai,42557.13,04-07-2024
659,20-06-2023,Medium-Value,Hyderabad,20626.12,26-10-2023
660,09-06-2023,Medium-Value,Mumbai,4718.01,14-06-2023
661,18-11-2023,High-Value,Pune,5819.14,01-09-2024
662,05-07-2024,Low-Value,Bengaluru,45649.71,28-05-2025
663,10-03-2023,Medium-Value,Delhi,14513.1,15-01-2024
664,22-01-2023,High-Value,Hyderabad,21472.95,19-07-2024
665,23-07-2023,Medium-Value,Kolkata,25001.28,11-08-2024
666,20-02-2023,Low-Value,Chennai,24384.09,09-07-2024
667,03-06-2024,Medium-Value,Mumbai,13937.16,22-06-2024
668,13-12-2024,Medium-Value,Pune,28349.65,04-05-2026
669,18-06-2024,Medium-Value,Mumbai,31950.72,21-07-2024
670,31-03-2024,Medium-Value,Bengaluru,5196.52,07-08-2024
671,29-04-2023,Medium-Value,Pune,1480.94,20-12-2023
672,02-01-2024,Medium-Value,Chennai,41755.44,14-09-2024
673,01-10-2024,Low-Value,Chennai,22167.4,10-10-2025
674,25-04-2024,Medium-Value,Kolkata,13353.09,24-06-2025
675,30-01-2024,Medium-Value,Pune,40601.95,10-12-2024
676,01-01-2024,Medium-Value,Mumbai,26186.58,22-08-2025
677,12-06-2024,Medium-Value,Hyderabad,30911.16,22-10-2025
678,15-07-2024,Medium-Value,Bengaluru,26123.03,10-02-2026
679,26-09-2023,Medium-Value,Hyderabad,21505.01,10-03-2024
680,15-10-2023,Low-Value,Bengaluru,2848.75,19-01-2025
681,29-12-2023,Medium-Value,Kolkata,22425.62,26-09-2024
682,19-08-2023,Low-Value,Pune,49937.65,04-06-2024
683,21-06-2023,Medium-Value,Hyderabad,1303.43,19-01-2024
684,06-09-2024,High-Value,Chennai,42565.8,01-10-2025
685,25-11-2023,Low-Value,Delhi,36654.48,28-01-2025
686,23-08-2024,Medium-Value,Chennai,18241.25,02-06-2025
687,24-09-2024,Medium-Value,Hyderabad,4884.35,30-11-2025
688,05-04-2023,Low-Value,Chennai,37980.79,06-02-2024
689,02-11-2024,High-Value,Kolkata,13096.71,12-11-2024
690,16-11-2023,Medium-Value,Chennai,2928.17,15-02-2025
691,15-03-2024,Medium-Value,Bengaluru,8862.01,12-06-2025
692,19-07-2023,Medium-Value,Kolkata,45300.39,26-11-2023
693,14-10-2024,Low-Value,Pune,27139.14,24-11-2024
694,26-09-2023,Medium-Value,Mumbai,49883.58,29-01-2024
695,10-10-2023,Medium-Value,Hyderabad,32708.39,10-09-2024
696,28-01-2023,Medium-Value,Delhi,8480.06,25-12-2023
697,19-12-2023,Low-Value,Kolkata,25996.35,29-04-2025
698,19-07-2023,Medium-Value,Chennai,32369.58,17-09-2024
699,02-12-2023,Medium-Value,Delhi,3145.42,02-05-2024
700,27-10-2023,Medium-Value,Pune,43344.03,06-04-2024
701,21-03-2023,Medium-Value,Kolkata,3315.99,12-07-2024
702,14-12-2024,Medium-Value,Pune,17941.27,17-03-2025
703,26-08-2024,Medium-Value,Hyderabad,24139.74,10-09-2025
704,07-08-2023,Low-Value,Hyderabad,40041.56,22-03-2025
705,06-09-2023,Low-Value,Mumbai,23092.07,13-10-2023
706,03-07-2023,Low-Value,Kolkata,5845.4,06-10-2024
707,15-10-2024,Medium-Value,Delhi,19138.7,23-08-2025
708,16-12-2023,Medium-Value,Delhi,39221.82,20-12-2024
709,25-12-2024,Medium-Value,Bengaluru,1021.53,23-08-2025
710,21-06-2024,Medium-Value,Delhi,38394.61,22-12-2024
711,17-10-2024,Low-Value,Mumbai,20868.49,12-01-2025
712,28-03-2023,Low-Value,Kolkata,15459.46,23-09-2023
713,30-08-2024,Low-Value,Kolkata,12451.46,28-02-2026
714,09-06-2023,High-Value,Pune,5663.65,15-10-2024
715,09-09-2024,High-Value,Kolkata,44224.25,27-11-2025
716,21-12-2024,Medium-Value,Kolkata,26924.66,28-03-2025
717,18-01-2024,Medium-Value,Pune,13212.51,04-02-2025
718,11-11-2024,Low-Value,Delhi,24496.32,29-06-2026
719,25-08-2023,Medium-Value,Bengaluru,14389.7,21-09-2024
720,11-06-2023,Medium-Value,Hyderabad,6873.84,15-01-2024
721,07-03-2024,Low-Value,Bengaluru,16428.23,23-11-2024
722,20-04-2024,Low-Value,Mumbai,42632.67,04-12-2024
723,27-08-2024,Low-Value,Kolkata,3186.14,05-09-2024
724,19-03-2023,High-Value,Pune,42925.88,10-07-2024
725,31-08-2024,Low-Value,Hyderabad,2577.09,16-04-2026
726,17-11-2024,Medium-Value,Kolkata,2295.76,12-02-2025
727,01-03-2024,Medium-Value,Kolkata,11893.26,09-10-2024
728,01-05-2024,Medium-Value,Chennai,29599.74,22-01-2025
729,26-08-2024,Medium-Value,Mumbai,30514.63,10-05-2025
730,25-03-2023,Low-Value,Pune,28967.98,23-05-2023
731,04-05-2023,Medium-Value,Pune,3970.26,13-05-2024
732,01-12-2024,Medium-Value,Delhi,25801.04,20-08-2025
733,17-04-2024,Medium-Value,Kolkata,16711.02,14-08-2024
734,16-12-2023,Medium-Value,Kolkata,4054.61,12-09-2024
735,08-08-2023,Low-Value,Hyderabad,29681.52,13-06-2024
736,05-07-2024,High-Value,Hyderabad,775.55,08-04-2025
737,23-12-2024,Medium-Value,Delhi,21499.09,30-11-2025
738,26-09-2024,High-Value,Pune,29674.84,06-01-2026
739,07-12-2023,Medium-Value,Kolkata,47845.83,02-04-2024
740,17-04-2024,Low-Value,Pune,20067.22,25-01-2025
741,04-07-2023,Low-Value,Mumbai,46562.35,08-04-2024
742,25-12-2023,High-Value,Hyderabad,802.81,25-01-2024
743,17-10-2024,High-Value,Mumbai,40329.61,19-02-2025
744,12-11-2024,Low-Value,Chennai,4817.32,21-06-2026
745,22-10-2023,High-Value,Pune,30766.38,12-12-2023
746,24-11-2024,Low-Value,Hyderabad,35664.04,09-09-2025
747,03-08-2023,Medium-Value,Delhi,22671.32,07-05-2024
748,23-03-2023,Low-Value,Mumbai,43122.21,02-05-2023
749,29-07-2023,Low-Value,Hyderabad,10520.53,05-01-2025
750,26-06-2023,Low-Value,Bengaluru,4972.78,19-01-2025
751,26-07-2023,Low-Value,Hyderabad,24312.53,19-06-2024
752,31-10-2024,High-Value,Mumbai,20010,14-07-2025
753,08-12-2024,Medium-Value,Hyderabad,43585.1,09-11-2025
754,16-11-2024,Low-Value,Bengaluru,27999.56,20-06-2026
755,26-09-2024,High-Value,Hyderabad,26169.21,07-10-2025
756,06-01-2023,Low-Value,Mumbai,21398.72,11-08-2023
757,15-08-2024,Low-Value,Pune,27258.9,16-01-2026
758,10-02-2023,Medium-Value,Kolkata,4036.38,21-07-2023
759,03-08-2024,Low-Value,Delhi,36920.98,28-11-2024
760,21-01-2024,Low-Value,Hyderabad,25651.17,03-04-2025
761,02-02-2023,Medium-Value,Kolkata,6638.25,23-10-2023
762,01-09-2023,High-Value,Chennai,7937.47,15-03-2024
763,13-06-2024,Medium-Value,Hyderabad,22512.61,28-09-2025
764,15-04-2023,Medium-Value,Pune,34461.24,01-08-2024
765,11-11-2023,Medium-Value,Mumbai,4146.78,05-06-2024
766,20-11-2024,Medium-Value,Kolkata,30190.9,02-06-2026
767,26-04-2023,Low-Value,Delhi,31052.46,01-07-2023
768,13-03-2023,Low-Value,Hyderabad,41576.45,23-04-2023
769,29-12-2024,Medium-Value,Chennai,24629.64,30-10-2025
770,22-06-2024,Low-Value,Mumbai,10522.84,28-03-2025
771,09-11-2024,High-Value,Kolkata,31872.63,05-11-2025
772,17-04-2024,Low-Value,Bengaluru,32651.84,20-09-2025
773,11-07-2024,Medium-Value,Mumbai,32492.35,19-08-2025
774,12-12-2024,Low-Value,Chennai,4068.03,22-04-2026
775,19-11-2024,High-Value,Mumbai,15821.58,29-01-2025
776,10-09-2024,Medium-Value,Bengaluru,21556.24,26-01-2025
777,05-09-2024,Low-Value,Delhi,48431.3,04-10-2024
778,16-02-2024,Medium-Value,Hyderabad,30900.33,30-08-2025
779,08-06-2023,Low-Value,Hyderabad,12018.99,08-05-2024
780,18-08-2024,Low-Value,Chennai,20572.61,24-08-2024
781,21-05-2024,Low-Value,Kolkata,15386.4,13-12-2025
782,03-07-2024,Medium-Value,Hyderabad,9424.52,06-11-2024
783,08-12-2024,Low-Value,Chennai,19487.47,06-01-2026
784,27-01-2024,Low-Value,Kolkata,25352.64,10-12-2024
785,08-08-2024,High-Value,Bengaluru,32459.09,21-07-2025
786,08-06-2024,Medium-Value,Kolkata,35912.37,25-12-2024
787,08-07-2023,Low-Value,Chennai,39081.67,06-01-2025
788,29-01-2024,High-Value,Hyderabad,19726.1,22-08-2025
789,30-06-2023,Medium-Value,Delhi,25255.99,30-12-2024
790,20-05-2024,Medium-Value,Bengaluru,32178.27,25-04-2025
791,06-05-2024,Medium-Value,Delhi,19614.54,05-06-2025
792,14-03-2024,Medium-Value,Chennai,26228.83,09-04-2025
793,02-10-2023,Medium-Value,Chennai,22809.59,02-06-2024
794,20-05-2023,Medium-Value,Delhi,18175.95,22-09-2024
795,29-01-2023,Low-Value,Mumbai,21219.4,12-04-2024
796,04-02-2024,Medium-Value,Pune,16481.78,31-01-2025
797,17-04-2023,Medium-Value,Hyderabad,12533.32,17-05-2024
798,05-06-2023,Medium-Value,Pune,36602.56,13-01-2025
799,21-02-2024,High-Value,Chennai,22540.47,24-03-2024
800,27-01-2024,Low-Value,Bengaluru,36842.06,30-04-2024
801,15-04-2024,Low-Value,Mumbai,18410.99,22-05-2025
802,17-04-2024,Medium-Value,Hyderabad,2642.99,19-03-2025
803,12-01-2024,High-Value,Hyderabad,5303.58,15-02-2024
804,03-10-2024,Medium-Value,Hyderabad,19525.83,19-01-2026
805,03-10-2024,Medium-Value,Hyderabad,23553.6,31-03-2025
806,16-10-2024,Medium-Value,Pune,32856.18,10-08-2025
807,13-02-2024,Low-Value,Kolkata,24986.82,30-10-2024
808,16-01-2023,Low-Value,Delhi,898.66,18-08-2023
809,05-07-2023,Medium-Value,Bengaluru,30054.03,10-08-2023
810,30-09-2024,Low-Value,Hyderabad,37403.92,21-11-2025
811,04-11-2024,High-Value,Kolkata,5856.46,10-04-2025
812,29-06-2024,Medium-Value,Pune,34466.71,25-07-2024
813,11-08-2024,Medium-Value,Delhi,8903.24,24-02-2025
814,14-03-2024,Low-Value,Kolkata,41977.89,26-08-2025
815,05-07-2024,Low-Value,Hyderabad,33214.39,06-12-2024
816,14-10-2023,Low-Value,Mumbai,26521.44,17-08-2024
817,25-02-2023,Medium-Value,Kolkata,22032.46,17-05-2023
818,09-12-2023,Medium-Value,Chennai,45510.44,20-05-2025
819,08-05-2023,High-Value,Hyderabad,7795.06,19-09-2023
820,27-10-2024,Medium-Value,Kolkata,47821.94,06-03-2026
821,26-10-2023,High-Value,Chennai,20763.36,15-04-2025
822,12-04-2023,Medium-Value,Chennai,16873.27,20-10-2024
823,29-11-2023,Medium-Value,Kolkata,46503.36,18-06-2025
824,19-08-2023,High-Value,Mumbai,13120.65,10-09-2024
825,27-08-2023,Medium-Value,Mumbai,13596.72,22-01-2024
826,28-03-2023,Medium-Value,Pune,25513.51,23-07-2024
827,07-03-2023,Low-Value,Mumbai,10984.57,23-02-2024
828,02-02-2023,Medium-Value,Kolkata,5373.86,29-08-2024
829,18-07-2024,Low-Value,Delhi,14079,18-09-2024
830,05-09-2023,Medium-Value,Chennai,15060.25,18-11-2023
831,20-10-2023,Low-Value,Mumbai,42627.93,26-11-2023
832,08-09-2023,Medium-Value,Chennai,22877.09,05-12-2023
833,23-12-2023,Low-Value,Mumbai,3913.5,11-08-2024
834,22-07-2023,Medium-Value,Mumbai,28727.55,20-09-2023
835,12-10-2024,Low-Value,Hyderabad,5127.02,31-01-2025
836,07-02-2023,Medium-Value,Kolkata,6094.61,03-05-2023
837,07-03-2024,Medium-Value,Bengaluru,23673.19,13-12-2024
838,31-07-2023,Low-Value,Mumbai,18243.04,06-11-2024
839,08-12-2024,Medium-Value,Chennai,33807.86,28-03-2026
840,05-01-2023,Medium-Value,Mumbai,43128.36,09-11-2023
841,25-04-2023,Medium-Value,Pune,5676.11,24-09-2024
842,07-01-2024,Medium-Value,Kolkata,18247.19,27-10-2024
843,01-11-2024,Low-Value,Mumbai,23463.98,28-07-2025
844,08-05-2024,Medium-Value,Kolkata,517.06,30-05-2025
845,14-12-2023,Medium-Value,Bengaluru,21650.36,30-06-2025
846,07-11-2023,Low-Value,Hyderabad,23009.13,31-10-2024
847,10-10-2024,High-Value,Bengaluru,44483.43,23-02-2026
848,26-06-2023,High-Value,Bengaluru,9433.89,26-10-2024
849,07-04-2023,Medium-Value,Bengaluru,21588,15-06-2023
850,24-11-2023,Low-Value,Hyderabad,12734.58,04-10-2024
851,26-06-2023,Low-Value,Chennai,9358.56,05-11-2024
852,30-04-2023,Medium-Value,Hyderabad,41927.22,06-11-2024
853,28-10-2024,Medium-Value,Pune,20727.48,18-02-2025
854,12-06-2023,Medium-Value,Pune,43513.77,17-10-2023
855,18-04-2024,Low-Value,Delhi,37234.49,14-10-2025
856,08-03-2023,Medium-Value,Chennai,34069.01,03-04-2023
857,04-03-2024,Medium-Value,Pune,10741.16,16-07-2025
858,17-04-2023,Low-Value,Delhi,16563.56,09-11-2023
859,07-05-2024,High-Value,Pune,20835.59,18-05-2024
860,18-02-2024,Low-Value,Delhi,17873.68,11-09-2025
861,03-11-2023,Medium-Value,Pune,11235.75,13-01-2024
862,27-02-2023,High-Value,Hyderabad,4911.89,01-07-2023
863,13-01-2024,High-Value,Pune,34102.79,14-05-2025
864,28-11-2024,Low-Value,Chennai,19905.41,16-12-2024
865,07-05-2024,Medium-Value,Bengaluru,14981.13,13-08-2025
866,26-06-2024,Medium-Value,Mumbai,15278.49,11-01-2026
867,02-09-2024,Medium-Value,Kolkata,13217.42,06-02-2025
868,24-03-2023,Low-Value,Hyderabad,22011.81,20-05-2023
869,16-08-2023,High-Value,Pune,22153.76,28-01-2025
870,03-08-2024,Medium-Value,Kolkata,13545.29,13-12-2024
871,26-08-2023,Medium-Value,Chennai,20678.34,07-11-2024
872,15-07-2024,Medium-Value,Chennai,33655.97,28-05-2025
873,04-11-2023,Low-Value,Mumbai,48530.81,10-06-2024
874,21-03-2023,Low-Value,Chennai,22010.72,26-03-2023
875,06-07-2024,Medium-Value,Hyderabad,39588,29-01-2025
876,17-01-2024,High-Value,Hyderabad,11144.81,14-09-2024
877,15-05-2024,Medium-Value,Delhi,8154.87,14-09-2024
878,13-12-2023,Medium-Value,Mumbai,25722.4,18-09-2024
879,04-06-2024,Medium-Value,Kolkata,15490.13,04-01-2025
880,27-10-2024,Medium-Value,Bengaluru,48791.82,04-11-2025
881,15-11-2023,Medium-Value,Hyderabad,43508.97,14-04-2025
882,15-05-2023,Medium-Value,Delhi,15181.98,25-03-2024
883,23-05-2024,Medium-Value,Mumbai,14185.74,18-11-2024
884,20-10-2023,High-Value,Bengaluru,24909.14,18-02-2024
885,04-02-2024,Medium-Value,Chennai,43797.03,02-04-2025
886,17-04-2023,Low-Value,Pune,13602.88,08-11-2023
887,26-05-2024,Low-Value,Kolkata,45932.96,17-11-2024
888,17-11-2024,Low-Value,Kolkata,1593.94,12-05-2025
889,30-05-2024,Medium-Value,Chennai,19562.81,26-08-2025
890,16-12-2024,Medium-Value,Mumbai,13728.43,23-10-2025
891,24-04-2023,Medium-Value,Delhi,14992.01,09-09-2023
892,05-07-2024,Medium-Value,Pune,41985.9,16-12-2024
893,24-07-2024,Low-Value,Chennai,11355.8,20-05-2025
894,26-02-2023,Medium-Value,Chennai,30691.02,05-09-2023
895,30-01-2024,Medium-Value,Delhi,40022.47,24-07-2024
896,22-06-2024,Low-Value,Hyderabad,3675.54,03-02-2026
897,23-12-2023,High-Value,Chennai,22667.67,18-07-2025
898,14-09-2023,Medium-Value,Hyderabad,47832.18,28-11-2024
899,06-12-2024,Medium-Value,Kolkata,5354.41,18-06-2026
900,01-04-2024,Medium-Value,Delhi,9120.3,01-07-2025
901,26-08-2023,Medium-Value,Mumbai,4463.09,29-02-2024
902,04-09-2023,Low-Value,Hyderabad,4884.65,27-03-2024
903,07-10-2023,Medium-Value,Kolkata,25704.88,23-10-2024
904,12-11-2024,Medium-Value,Chennai,47599.94,09-12-2024
905,16-04-2023,Medium-Value,Chennai,12927.9,21-05-2024
906,27-02-2023,Medium-Value,Bengaluru,12313.11,20-08-2023
907,13-06-2024,Medium-Value,Pune,20375.52,17-11-2025
908,02-10-2023,Low-Value,Chennai,41252.32,16-12-2024
909,17-03-2024,Low-Value,Pune,25689.53,26-03-2024
910,23-12-2023,Low-Value,Hyderabad,19297.75,19-12-2024
911,06-11-2023,Medium-Value,Hyderabad,29492.56,02-04-2024
912,26-08-2024,Medium-Value,Hyderabad,36903.89,17-04-2025
913,15-02-2024,Low-Value,Kolkata,33912.61,26-03-2024
914,22-12-2023,Medium-Value,Mumbai,43886.33,12-04-2024
915,09-08-2024,Medium-Value,Chennai,17076.81,08-02-2025
916,02-05-2023,Medium-Value,Pune,21774.25,03-09-2024
917,01-10-2023,Medium-Value,Bengaluru,46099.99,08-09-2024
918,07-07-2024,Medium-Value,Bengaluru,44404.42,25-08-2024
919,17-01-2024,Medium-Value,Kolkata,10122.97,11-02-2025
920,15-05-2023,Medium-Value,Chennai,41567.55,06-12-2024
921,18-11-2023,High-Value,Hyderabad,7637.68,29-05-2024
922,25-06-2023,Medium-Value,Kolkata,3640.69,14-06-2024
923,19-06-2023,Low-Value,Kolkata,33668.05,19-09-2024
924,10-04-2024,Medium-Value,Chennai,22205.79,06-10-2024
925,06-08-2024,High-Value,Pune,34364.53,01-01-2026
926,29-05-2024,High-Value,Hyderabad,3945.66,11-12-2025
927,29-10-2023,Medium-Value,Delhi,16040.84,21-02-2025
928,08-07-2023,High-Value,Pune,49061.62,11-02-2024
929,03-01-2023,Medium-Value,Pune,17760.49,28-02-2024
930,30-04-2024,Low-Value,Chennai,29550.96,26-09-2024
931,04-10-2023,Medium-Value,Hyderabad,28032.83,28-10-2023
932,15-07-2023,Medium-Value,Bengaluru,20525.76,08-12-2024
933,29-09-2023,Medium-Value,Delhi,35378.84,27-12-2024
934,11-04-2023,Medium-Value,Pune,42509.98,19-02-2024
935,16-03-2023,High-Value,Hyderabad,47773.98,10-10-2023
936,09-06-2024,Low-Value,Hyderabad,27810.11,25-04-2025
937,16-05-2024,Low-Value,Hyderabad,34562.85,13-05-2025
938,27-09-2024,Medium-Value,Delhi,40675.53,10-05-2025
939,14-03-2023,Medium-Value,Mumbai,25077.74,18-03-2024
940,21-01-2023,Low-Value,Chennai,7583.13,15-07-2024
941,11-01-2024,Medium-Value,Chennai,15432.51,23-07-2024
942,30-11-2024,Low-Value,Kolkata,25011.12,11-01-2026
943,15-02-2024,Medium-Value,Bengaluru,7523.92,03-02-2025
944,20-07-2023,High-Value,Pune,38955.88,19-05-2024
945,02-07-2024,Low-Value,Mumbai,3143.83,03-02-2026
946,17-08-2024,Medium-Value,Mumbai,44707.84,25-04-2025
947,01-11-2023,High-Value,Chennai,2976.31,01-02-2024
948,01-10-2024,High-Value,Bengaluru,47410.88,30-09-2025
949,20-05-2023,Medium-Value,Mumbai,19798.85,26-10-2023
950,01-08-2023,Medium-Value,Mumbai,12091.78,06-12-2024
951,14-01-2023,Medium-Value,Bengaluru,29180.62,30-06-2024
952,28-07-2023,Low-Value,Chennai,34117.1,29-05-2024
953,17-07-2024,High-Value,Pune,29981.61,29-09-2025
954,26-03-2024,Low-Value,Bengaluru,49128.28,07-02-2025
955,24-12-2024,Medium-Value,Chennai,4757.91,27-09-2025
956,11-12-2023,Medium-Value,Kolkata,16877.17,26-12-2023
957,12-09-2023,Medium-Value,Delhi,16163.66,05-02-2024
958,12-11-2024,High-Value,Hyderabad,22952.22,13-01-2026
959,11-10-2024,Low-Value,Chennai,41007.88,27-04-2025
960,17-11-2023,Medium-Value,Pune,45437.24,16-06-2024
961,19-12-2023,Medium-Value,Kolkata,1057.12,23-04-2025
962,17-08-2023,High-Value,Mumbai,28847.76,23-01-2025
963,17-06-2024,Medium-Value,Hyderabad,49922.5,20-09-2024
964,06-08-2023,High-Value,Chennai,39550.19,12-08-2024
965,13-07-2024,Medium-Value,Delhi,48282.52,06-12-2025
966,04-03-2023,Medium-Value,Bengaluru,40669.24,17-05-2024
967,28-05-2024,Medium-Value,Kolkata,35903.29,20-02-2025
968,05-12-2023,Medium-Value,Bengaluru,15198.34,10-06-2025
969,23-11-2023,Low-Value,Delhi,26619.9,21-04-2024
970,26-05-2023,Low-Value,Hyderabad,34838.52,18-02-2024
971,22-07-2023,High-Value,Kolkata,26114.72,09-04-2024
972,18-04-2023,Medium-Value,Kolkata,38826.42,20-10-2023
973,31-10-2023,Low-Value,Kolkata,39159.35,07-04-2025
974,27-06-2024,Medium-Value,Delhi,36499.4,04-07-2024
975,22-06-2024,Medium-Value,Bengaluru,33923.09,26-12-2025
976,10-11-2023,High-Value,Pune,24907.56,07-06-2025
977,07-08-2024,Low-Value,Mumbai,32817.64,22-10-2025
978,18-07-2024,Medium-Value,Delhi,29318.61,13-08-2025
979,02-11-2023,Medium-Value,Bengaluru,8369.71,14-01-2024
980,23-07-2024,Low-Value,Delhi,46452.82,10-12-2025
981,20-11-2023,Low-Value,Mumbai,39621.18,27-03-2024
982,10-04-2023,High-Value,Hyderabad,20180.27,14-06-2024
983,15-11-2024,Low-Value,Pune,24265.94,06-11-2025
984,03-07-2023,High-Value,Bengaluru,15608.78,10-12-2023
985,11-11-2024,Medium-Value,Mumbai,40171.01,15-03-2026
986,09-12-2024,Medium-Value,Pune,31086.7,30-04-2025
987,12-10-2024,Medium-Value,Chennai,28047.9,05-06-2025
988,15-10-2024,Medium-Value,Chennai,22218.82,06-05-2026
989,30-08-2023,Medium-Value,Bengaluru,3741.12,02-11-2024
990,14-04-2024,Medium-Value,Kolkata,40858.01,28-10-2025
991,06-06-2023,Medium-Value,Chennai,28838.83,08-10-2024
992,06-11-2023,Medium-Value,Delhi,5730.69,11-07-2024
993,23-03-2023,Medium-Value,Mumbai,14324.73,06-08-2023
994,24-09-2023,Medium-Value,Bengaluru,43948.61,02-12-2023
995,11-09-2024,Low-Value,Kolkata,3293.34,23-05-2025
996,25-11-2023,High-Value,Pune,19703.91,21-06-2024
997,23-09-2023,High-Value,Bengaluru,5430.89,05-10-2023
998,12-03-2024,High-Value,Kolkata,28117.11,10-06-2024
999,25-02-2024,Low-Value,Delhi,14012.11,09-06-2025
1000,29-12-2023,Low-Value,Chennai,14630.14,26-01-2025
